[
{
   "model": "admin.logentry",
   "pk": 1,
   "fields": {
      "action_time": "2023-05-19T19:33:08.849Z",
      "user": 1,
      "content_type": 11,
      "object_id": "1",
      "object_repr": "6.7\" Смартфон Apple iPhone 14 Plus 128 ГБ",
      "action_flag": 1,
      "change_message": "[{\"added\": {}}, {\"added\": {\"name\": \"\\u0424\\u043e\\u0442\\u043e\\u0433\\u0440\\u0430\\u0444\\u0438\\u044f\", \"object\": \"1\"}}, {\"added\": {\"name\": \"\\u0424\\u043e\\u0442\\u043e\\u0433\\u0440\\u0430\\u0444\\u0438\\u044f\", \"object\": \"2\"}}, {\"added\": {\"name\": \"\\u0424\\u043e\\u0442\\u043e\\u0433\\u0440\\u0430\\u0444\\u0438\\u044f\", \"object\": \"3\"}}]"
   }
},
{
   "model": "admin.logentry",
   "pk": 2,
   "fields": {
      "action_time": "2023-05-19T19:34:35.579Z",
      "user": 1,
      "content_type": 11,
      "object_id": "1",
      "object_repr": "6.7\" Смартфон Apple iPhone 14 Plus 128 ГБ",
      "action_flag": 2,
      "change_message": "[{\"changed\": {\"fields\": [\"Price\"]}}]"
   }
},
{
   "model": "admin.logentry",
   "pk": 3,
   "fields": {
      "action_time": "2023-05-19T19:47:39.457Z",
      "user": 1,
      "content_type": 12,
      "object_id": "3",
      "object_repr": "3",
      "action_flag": 3,
      "change_message": ""
   }
},
{
   "model": "admin.logentry",
   "pk": 4,
   "fields": {
      "action_time": "2023-05-19T19:47:43.203Z",
      "user": 1,
      "content_type": 12,
      "object_id": "2",
      "object_repr": "2",
      "action_flag": 3,
      "change_message": ""
   }
},
{
   "model": "admin.logentry",
   "pk": 5,
   "fields": {
      "action_time": "2023-05-19T19:47:47.027Z",
      "user": 1,
      "content_type": 12,
      "object_id": "1",
      "object_repr": "1",
      "action_flag": 3,
      "change_message": ""
   }
},
{
   "model": "admin.logentry",
   "pk": 6,
   "fields": {
      "action_time": "2023-05-19T19:47:56.803Z",
      "user": 1,
      "content_type": 11,
      "object_id": "1",
      "object_repr": "6.7\" Смартфон Apple iPhone 14 Plus 128 ГБ",
      "action_flag": 3,
      "change_message": ""
   }
},
{
   "model": "admin.logentry",
   "pk": 7,
   "fields": {
      "action_time": "2023-05-20T17:59:23.197Z",
      "user": 1,
      "content_type": 11,
      "object_id": "2",
      "object_repr": "6.7\" Смартфон Apple iPhone 14 Plus 128 ГБ",
      "action_flag": 1,
      "change_message": "[{\"added\": {}}, {\"added\": {\"name\": \"\\u0424\\u043e\\u0442\\u043e\\u0433\\u0440\\u0430\\u0444\\u0438\\u044f\", \"object\": \"4\"}}, {\"added\": {\"name\": \"\\u0424\\u043e\\u0442\\u043e\\u0433\\u0440\\u0430\\u0444\\u0438\\u044f\", \"object\": \"5\"}}, {\"added\": {\"name\": \"\\u0424\\u043e\\u0442\\u043e\\u0433\\u0440\\u0430\\u0444\\u0438\\u044f\", \"object\": \"6\"}}]"
   }
},
{
   "model": "admin.logentry",
   "pk": 8,
   "fields": {
      "action_time": "2023-05-20T18:02:15.325Z",
      "user": 1,
      "content_type": 11,
      "object_id": "3",
      "object_repr": "6.78\" Смартфон HUAWEI nova 9 SE 128 ГБ",
      "action_flag": 1,
      "change_message": "[{\"added\": {}}, {\"added\": {\"name\": \"\\u0424\\u043e\\u0442\\u043e\\u0433\\u0440\\u0430\\u0444\\u0438\\u044f\", \"object\": \"7\"}}, {\"added\": {\"name\": \"\\u0424\\u043e\\u0442\\u043e\\u0433\\u0440\\u0430\\u0444\\u0438\\u044f\", \"object\": \"8\"}}, {\"added\": {\"name\": \"\\u0424\\u043e\\u0442\\u043e\\u0433\\u0440\\u0430\\u0444\\u0438\\u044f\", \"object\": \"9\"}}]"
   }
},
{
   "model": "admin.logentry",
   "pk": 9,
   "fields": {
      "action_time": "2023-05-20T18:04:04.703Z",
      "user": 1,
      "content_type": 11,
      "object_id": "4",
      "object_repr": "6.6\" Смартфон Samsung Galaxy M33 128 ГБ",
      "action_flag": 1,
      "change_message": "[{\"added\": {}}, {\"added\": {\"name\": \"\\u0424\\u043e\\u0442\\u043e\\u0433\\u0440\\u0430\\u0444\\u0438\\u044f\", \"object\": \"10\"}}, {\"added\": {\"name\": \"\\u0424\\u043e\\u0442\\u043e\\u0433\\u0440\\u0430\\u0444\\u0438\\u044f\", \"object\": \"11\"}}, {\"added\": {\"name\": \"\\u0424\\u043e\\u0442\\u043e\\u0433\\u0440\\u0430\\u0444\\u0438\\u044f\", \"object\": \"12\"}}]"
   }
},
{
   "model": "admin.logentry",
   "pk": 10,
   "fields": {
      "action_time": "2023-05-20T18:07:15.847Z",
      "user": 1,
      "content_type": 11,
      "object_id": "5",
      "object_repr": "6.67\" Смартфон Xiaomi Redmi Note 10 Pro 128 ГБ",
      "action_flag": 1,
      "change_message": "[{\"added\": {}}, {\"added\": {\"name\": \"\\u0424\\u043e\\u0442\\u043e\\u0433\\u0440\\u0430\\u0444\\u0438\\u044f\", \"object\": \"13\"}}, {\"added\": {\"name\": \"\\u0424\\u043e\\u0442\\u043e\\u0433\\u0440\\u0430\\u0444\\u0438\\u044f\", \"object\": \"14\"}}, {\"added\": {\"name\": \"\\u0424\\u043e\\u0442\\u043e\\u0433\\u0440\\u0430\\u0444\\u0438\\u044f\", \"object\": \"15\"}}]"
   }
},
{
   "model": "admin.logentry",
   "pk": 11,
   "fields": {
      "action_time": "2023-05-20T18:09:49.226Z",
      "user": 1,
      "content_type": 11,
      "object_id": "6",
      "object_repr": "16\" Ноутбук HUAWEI MateBook 16s CREF-X",
      "action_flag": 1,
      "change_message": "[{\"added\": {}}, {\"added\": {\"name\": \"\\u0424\\u043e\\u0442\\u043e\\u0433\\u0440\\u0430\\u0444\\u0438\\u044f\", \"object\": \"16\"}}, {\"added\": {\"name\": \"\\u0424\\u043e\\u0442\\u043e\\u0433\\u0440\\u0430\\u0444\\u0438\\u044f\", \"object\": \"17\"}}, {\"added\": {\"name\": \"\\u0424\\u043e\\u0442\\u043e\\u0433\\u0440\\u0430\\u0444\\u0438\\u044f\", \"object\": \"18\"}}]"
   }
},
{
   "model": "admin.logentry",
   "pk": 12,
   "fields": {
      "action_time": "2023-05-20T18:11:49.291Z",
      "user": 1,
      "content_type": 11,
      "object_id": "7",
      "object_repr": "16\" Ноутбук ASUS VivoBook S 16X M5602QA-L2117",
      "action_flag": 1,
      "change_message": "[{\"added\": {}}, {\"added\": {\"name\": \"\\u0424\\u043e\\u0442\\u043e\\u0433\\u0440\\u0430\\u0444\\u0438\\u044f\", \"object\": \"19\"}}, {\"added\": {\"name\": \"\\u0424\\u043e\\u0442\\u043e\\u0433\\u0440\\u0430\\u0444\\u0438\\u044f\", \"object\": \"20\"}}, {\"added\": {\"name\": \"\\u0424\\u043e\\u0442\\u043e\\u0433\\u0440\\u0430\\u0444\\u0438\\u044f\", \"object\": \"21\"}}]"
   }
},
{
   "model": "admin.logentry",
   "pk": 13,
   "fields": {
      "action_time": "2023-05-20T18:14:21.708Z",
      "user": 1,
      "content_type": 11,
      "object_id": "8",
      "object_repr": "17.3\" Ноутбук MSI Katana GF76 12UC-265XRU",
      "action_flag": 1,
      "change_message": "[{\"added\": {}}, {\"added\": {\"name\": \"\\u0424\\u043e\\u0442\\u043e\\u0433\\u0440\\u0430\\u0444\\u0438\\u044f\", \"object\": \"22\"}}, {\"added\": {\"name\": \"\\u0424\\u043e\\u0442\\u043e\\u0433\\u0440\\u0430\\u0444\\u0438\\u044f\", \"object\": \"23\"}}, {\"added\": {\"name\": \"\\u0424\\u043e\\u0442\\u043e\\u0433\\u0440\\u0430\\u0444\\u0438\\u044f\", \"object\": \"24\"}}]"
   }
},
{
   "model": "admin.logentry",
   "pk": 14,
   "fields": {
      "action_time": "2023-05-20T18:15:32.653Z",
      "user": 1,
      "content_type": 11,
      "object_id": "9",
      "object_repr": "17.3\" Ноутбук ARDOR GAMING NEO G17-I5ND203",
      "action_flag": 1,
      "change_message": "[{\"added\": {}}, {\"added\": {\"name\": \"\\u0424\\u043e\\u0442\\u043e\\u0433\\u0440\\u0430\\u0444\\u0438\\u044f\", \"object\": \"25\"}}, {\"added\": {\"name\": \"\\u0424\\u043e\\u0442\\u043e\\u0433\\u0440\\u0430\\u0444\\u0438\\u044f\", \"object\": \"26\"}}, {\"added\": {\"name\": \"\\u0424\\u043e\\u0442\\u043e\\u0433\\u0440\\u0430\\u0444\\u0438\\u044f\", \"object\": \"27\"}}]"
   }
},
{
   "model": "admin.logentry",
   "pk": 15,
   "fields": {
      "action_time": "2023-05-20T18:19:28.827Z",
      "user": 1,
      "content_type": 9,
      "object_id": "1",
      "object_repr": "Статус Новый",
      "action_flag": 1,
      "change_message": "[{\"added\": {}}]"
   }
},
{
   "model": "admin.logentry",
   "pk": 16,
   "fields": {
      "action_time": "2023-05-20T18:19:48.303Z",
      "user": 1,
      "content_type": 9,
      "object_id": "2",
      "object_repr": "Статус Отменён",
      "action_flag": 1,
      "change_message": "[{\"added\": {}}]"
   }
},
{
   "model": "admin.logentry",
   "pk": 17,
   "fields": {
      "action_time": "2023-05-20T18:20:03.326Z",
      "user": 1,
      "content_type": 9,
      "object_id": "3",
      "object_repr": "Статус В работе",
      "action_flag": 1,
      "change_message": "[{\"added\": {}}]"
   }
},
{
   "model": "admin.logentry",
   "pk": 18,
   "fields": {
      "action_time": "2023-05-20T18:20:11.448Z",
      "user": 1,
      "content_type": 9,
      "object_id": "4",
      "object_repr": "Статус Выполнен",
      "action_flag": 1,
      "change_message": "[{\"added\": {}}]"
   }
},
{
   "model": "admin.logentry",
   "pk": 19,
   "fields": {
      "action_time": "2023-05-20T18:21:04.655Z",
      "user": 1,
      "content_type": 8,
      "object_id": "1",
      "object_repr": "Заказ 1 Новый",
      "action_flag": 1,
      "change_message": "[{\"added\": {}}, {\"added\": {\"name\": \"\\u0422\\u043e\\u0432\\u0430\\u0440 \\u0432 \\u0437\\u0430\\u043a\\u0430\\u0437\\u0435\", \"object\": \"6.7\\\" \\u0421\\u043c\\u0430\\u0440\\u0442\\u0444\\u043e\\u043d Apple iPhone 14 Plus 128 \\u0413\\u0411\"}}]"
   }
},
{
   "model": "admin.logentry",
   "pk": 20,
   "fields": {
      "action_time": "2023-05-20T18:56:19.993Z",
      "user": 1,
      "content_type": 8,
      "object_id": "2",
      "object_repr": "Заказ 2 Новый",
      "action_flag": 1,
      "change_message": "[{\"added\": {}}, {\"added\": {\"name\": \"\\u0422\\u043e\\u0432\\u0430\\u0440 \\u0432 \\u0437\\u0430\\u043a\\u0430\\u0437\\u0435\", \"object\": \"6.7\\\" \\u0421\\u043c\\u0430\\u0440\\u0442\\u0444\\u043e\\u043d Apple iPhone 14 Plus 128 \\u0413\\u0411\"}}]"
   }
},
{
   "model": "admin.logentry",
   "pk": 21,
   "fields": {
      "action_time": "2023-05-20T19:02:57.922Z",
      "user": 1,
      "content_type": 8,
      "object_id": "3",
      "object_repr": "Заказ 3 В работе",
      "action_flag": 1,
      "change_message": "[{\"added\": {}}, {\"added\": {\"name\": \"\\u0422\\u043e\\u0432\\u0430\\u0440 \\u0432 \\u0437\\u0430\\u043a\\u0430\\u0437\\u0435\", \"object\": \"6.67\\\" \\u0421\\u043c\\u0430\\u0440\\u0442\\u0444\\u043e\\u043d Xiaomi Redmi Note 10 Pro 128 \\u0413\\u0411\"}}]"
   }
},
{
   "model": "admin.logentry",
   "pk": 22,
   "fields": {
      "action_time": "2023-05-20T19:03:22.808Z",
      "user": 1,
      "content_type": 8,
      "object_id": "3",
      "object_repr": "Заказ 3 В работе",
      "action_flag": 2,
      "change_message": "[{\"added\": {\"name\": \"\\u0422\\u043e\\u0432\\u0430\\u0440 \\u0432 \\u0437\\u0430\\u043a\\u0430\\u0437\\u0435\", \"object\": \"16\\\" \\u041d\\u043e\\u0443\\u0442\\u0431\\u0443\\u043a HUAWEI MateBook 16s CREF-X\"}}]"
   }
},
{
   "model": "admin.logentry",
   "pk": 23,
   "fields": {
      "action_time": "2023-05-20T19:04:11.738Z",
      "user": 1,
      "content_type": 8,
      "object_id": "3",
      "object_repr": "Заказ 3 В работе",
      "action_flag": 2,
      "change_message": "[{\"added\": {\"name\": \"\\u0422\\u043e\\u0432\\u0430\\u0440 \\u0432 \\u0437\\u0430\\u043a\\u0430\\u0437\\u0435\", \"object\": \"6.7\\\" \\u0421\\u043c\\u0430\\u0440\\u0442\\u0444\\u043e\\u043d Apple iPhone 14 Plus 128 \\u0413\\u0411\"}}]"
   }
},
{
   "model": "admin.logentry",
   "pk": 24,
   "fields": {
      "action_time": "2023-05-20T19:04:50.291Z",
      "user": 1,
      "content_type": 8,
      "object_id": "3",
      "object_repr": "Заказ 3 В работе",
      "action_flag": 2,
      "change_message": "[{\"changed\": {\"name\": \"\\u0422\\u043e\\u0432\\u0430\\u0440 \\u0432 \\u0437\\u0430\\u043a\\u0430\\u0437\\u0435\", \"object\": \"6.67\\\" \\u0421\\u043c\\u0430\\u0440\\u0442\\u0444\\u043e\\u043d Xiaomi Redmi Note 10 Pro 128 \\u0413\\u0411\", \"fields\": [\"Nmb\"]}}]"
   }
},
{
   "model": "admin.logentry",
   "pk": 25,
   "fields": {
      "action_time": "2023-05-23T18:13:23.920Z",
      "user": 1,
      "content_type": 11,
      "object_id": "6",
      "object_repr": "120000.00 16\" Ноутбук HUAWEI MateBook 16s CREF-X",
      "action_flag": 2,
      "change_message": "[{\"changed\": {\"name\": \"\\u0424\\u043e\\u0442\\u043e\\u0433\\u0440\\u0430\\u0444\\u0438\\u044f\", \"object\": \"16\", \"fields\": [\"Is main\"]}}]"
   }
},
{
   "model": "admin.logentry",
   "pk": 26,
   "fields": {
      "action_time": "2023-05-23T18:13:29.312Z",
      "user": 1,
      "content_type": 11,
      "object_id": "9",
      "object_repr": "71000.00 17.3\" Ноутбук ARDOR GAMING NEO G17-I5ND203",
      "action_flag": 2,
      "change_message": "[{\"changed\": {\"name\": \"\\u0424\\u043e\\u0442\\u043e\\u0433\\u0440\\u0430\\u0444\\u0438\\u044f\", \"object\": \"25\", \"fields\": [\"Is main\"]}}]"
   }
},
{
   "model": "admin.logentry",
   "pk": 27,
   "fields": {
      "action_time": "2023-05-23T18:13:35.743Z",
      "user": 1,
      "content_type": 11,
      "object_id": "8",
      "object_repr": "73000.00 17.3\" Ноутбук MSI Katana GF76 12UC-265XRU",
      "action_flag": 2,
      "change_message": "[{\"changed\": {\"name\": \"\\u0424\\u043e\\u0442\\u043e\\u0433\\u0440\\u0430\\u0444\\u0438\\u044f\", \"object\": \"22\", \"fields\": [\"Is main\"]}}]"
   }
},
{
   "model": "admin.logentry",
   "pk": 28,
   "fields": {
      "action_time": "2023-05-23T18:13:41.616Z",
      "user": 1,
      "content_type": 11,
      "object_id": "7",
      "object_repr": "80000.00 16\" Ноутбук ASUS VivoBook S 16X M5602QA-L2117",
      "action_flag": 2,
      "change_message": "[{\"changed\": {\"name\": \"\\u0424\\u043e\\u0442\\u043e\\u0433\\u0440\\u0430\\u0444\\u0438\\u044f\", \"object\": \"19\", \"fields\": [\"Is main\"]}}]"
   }
},
{
   "model": "admin.logentry",
   "pk": 29,
   "fields": {
      "action_time": "2023-05-23T18:13:55.231Z",
      "user": 1,
      "content_type": 11,
      "object_id": "5",
      "object_repr": "22000.00 6.67\" Смартфон Xiaomi Redmi Note 10 Pro 128 ГБ",
      "action_flag": 2,
      "change_message": "[{\"changed\": {\"name\": \"\\u0424\\u043e\\u0442\\u043e\\u0433\\u0440\\u0430\\u0444\\u0438\\u044f\", \"object\": \"13\", \"fields\": [\"Is main\"]}}]"
   }
},
{
   "model": "admin.logentry",
   "pk": 30,
   "fields": {
      "action_time": "2023-05-23T18:14:04.480Z",
      "user": 1,
      "content_type": 11,
      "object_id": "4",
      "object_repr": "25000.00 6.6\" Смартфон Samsung Galaxy M33 128 ГБ",
      "action_flag": 2,
      "change_message": "[{\"changed\": {\"name\": \"\\u0424\\u043e\\u0442\\u043e\\u0433\\u0440\\u0430\\u0444\\u0438\\u044f\", \"object\": \"10\", \"fields\": [\"Is main\"]}}]"
   }
},
{
   "model": "admin.logentry",
   "pk": 31,
   "fields": {
      "action_time": "2023-05-23T18:14:12.703Z",
      "user": 1,
      "content_type": 11,
      "object_id": "3",
      "object_repr": "22790.00 6.78\" Смартфон HUAWEI nova 9 SE 128 ГБ",
      "action_flag": 2,
      "change_message": "[{\"changed\": {\"name\": \"\\u0424\\u043e\\u0442\\u043e\\u0433\\u0440\\u0430\\u0444\\u0438\\u044f\", \"object\": \"7\", \"fields\": [\"Is main\"]}}]"
   }
},
{
   "model": "admin.logentry",
   "pk": 32,
   "fields": {
      "action_time": "2023-05-23T18:14:22.665Z",
      "user": 1,
      "content_type": 11,
      "object_id": "2",
      "object_repr": "80900.00 6.7\" Смартфон Apple iPhone 14 Plus 128 ГБ",
      "action_flag": 2,
      "change_message": "[{\"changed\": {\"name\": \"\\u0424\\u043e\\u0442\\u043e\\u0433\\u0440\\u0430\\u0444\\u0438\\u044f\", \"object\": \"4\", \"fields\": [\"Is main\"]}}]"
   }
},
{
   "model": "admin.logentry",
   "pk": 33,
   "fields": {
      "action_time": "2023-05-25T17:50:56.764Z",
      "user": 1,
      "content_type": 13,
      "object_id": "1",
      "object_repr": "Телефоны",
      "action_flag": 1,
      "change_message": "[{\"added\": {}}]"
   }
},
{
   "model": "admin.logentry",
   "pk": 34,
   "fields": {
      "action_time": "2023-05-25T17:51:08.610Z",
      "user": 1,
      "content_type": 13,
      "object_id": "2",
      "object_repr": "Ноутбуки",
      "action_flag": 1,
      "change_message": "[{\"added\": {}}]"
   }
},
{
   "model": "admin.logentry",
   "pk": 35,
   "fields": {
      "action_time": "2023-05-25T17:51:39.790Z",
      "user": 1,
      "content_type": 11,
      "object_id": "9",
      "object_repr": "71000.00 17.3\" Ноутбук ARDOR GAMING NEO G17-I5ND203",
      "action_flag": 2,
      "change_message": "[{\"changed\": {\"fields\": [\"Discount\", \"Category\"]}}]"
   }
},
{
   "model": "admin.logentry",
   "pk": 36,
   "fields": {
      "action_time": "2023-05-25T17:51:56.450Z",
      "user": 1,
      "content_type": 11,
      "object_id": "8",
      "object_repr": "73000.00 17.3\" Ноутбук MSI Katana GF76 12UC-265XRU",
      "action_flag": 2,
      "change_message": "[{\"changed\": {\"fields\": [\"Discount\", \"Category\"]}}]"
   }
},
{
   "model": "admin.logentry",
   "pk": 37,
   "fields": {
      "action_time": "2023-05-25T17:52:09.010Z",
      "user": 1,
      "content_type": 11,
      "object_id": "7",
      "object_repr": "80000.00 16\" Ноутбук ASUS VivoBook S 16X M5602QA-L2117",
      "action_flag": 2,
      "change_message": "[{\"changed\": {\"fields\": [\"Discount\", \"Category\"]}}]"
   }
},
{
   "model": "admin.logentry",
   "pk": 38,
   "fields": {
      "action_time": "2023-05-25T17:52:28.028Z",
      "user": 1,
      "content_type": 11,
      "object_id": "6",
      "object_repr": "120000.00 16\" Ноутбук HUAWEI MateBook 16s CREF-X",
      "action_flag": 2,
      "change_message": "[{\"changed\": {\"fields\": [\"Discount\", \"Category\"]}}]"
   }
},
{
   "model": "admin.logentry",
   "pk": 39,
   "fields": {
      "action_time": "2023-05-25T17:52:42.750Z",
      "user": 1,
      "content_type": 11,
      "object_id": "5",
      "object_repr": "22000.00 6.67\" Смартфон Xiaomi Redmi Note 10 Pro 128 ГБ",
      "action_flag": 2,
      "change_message": "[{\"changed\": {\"fields\": [\"Discount\", \"Category\"]}}]"
   }
},
{
   "model": "admin.logentry",
   "pk": 40,
   "fields": {
      "action_time": "2023-05-25T17:53:01.398Z",
      "user": 1,
      "content_type": 11,
      "object_id": "4",
      "object_repr": "25000.00 6.6\" Смартфон Samsung Galaxy M33 128 ГБ",
      "action_flag": 2,
      "change_message": "[{\"changed\": {\"fields\": [\"Discount\", \"Category\"]}}]"
   }
},
{
   "model": "admin.logentry",
   "pk": 41,
   "fields": {
      "action_time": "2023-05-25T17:53:22.348Z",
      "user": 1,
      "content_type": 11,
      "object_id": "3",
      "object_repr": "22790.00 6.78\" Смартфон HUAWEI nova 9 SE 128 ГБ",
      "action_flag": 2,
      "change_message": "[{\"changed\": {\"fields\": [\"Discount\", \"Category\"]}}]"
   }
},
{
   "model": "admin.logentry",
   "pk": 42,
   "fields": {
      "action_time": "2023-05-25T17:53:43.332Z",
      "user": 1,
      "content_type": 11,
      "object_id": "2",
      "object_repr": "80900.00 6.7\" Смартфон Apple iPhone 14 Plus 128 ГБ",
      "action_flag": 2,
      "change_message": "[{\"changed\": {\"fields\": [\"Discount\", \"Category\"]}}]"
   }
},
{
   "model": "admin.logentry",
   "pk": 43,
   "fields": {
      "action_time": "2023-05-25T18:32:27.305Z",
      "user": 1,
      "content_type": 11,
      "object_id": "9",
      "object_repr": "71000.00 17.3\" Ноутбук ARDOR GAMING NEO G17-I5ND203",
      "action_flag": 2,
      "change_message": "[{\"changed\": {\"fields\": [\"Discount\"]}}]"
   }
},
{
   "model": "admin.logentry",
   "pk": 44,
   "fields": {
      "action_time": "2023-05-25T18:32:42.592Z",
      "user": 1,
      "content_type": 11,
      "object_id": "4",
      "object_repr": "25000.00 6.6\" Смартфон Samsung Galaxy M33 128 ГБ",
      "action_flag": 2,
      "change_message": "[{\"changed\": {\"fields\": [\"Discount\"]}}]"
   }
},
{
   "model": "admin.logentry",
   "pk": 45,
   "fields": {
      "action_time": "2023-06-04T19:05:57.959Z",
      "user": 1,
      "content_type": 14,
      "object_id": "1",
      "object_repr": "6.6\" Смартфон Samsung Galaxy M33 128 ГБ",
      "action_flag": 3,
      "change_message": ""
   }
},
{
   "model": "admin.logentry",
   "pk": 46,
   "fields": {
      "action_time": "2023-06-04T19:05:57.964Z",
      "user": 1,
      "content_type": 14,
      "object_id": "2",
      "object_repr": "6.6\" Смартфон Samsung Galaxy M33 128 ГБ",
      "action_flag": 3,
      "change_message": ""
   }
},
{
   "model": "admin.logentry",
   "pk": 47,
   "fields": {
      "action_time": "2023-06-04T19:05:57.969Z",
      "user": 1,
      "content_type": 14,
      "object_id": "3",
      "object_repr": "6.6\" Смартфон Samsung Galaxy M33 128 ГБ",
      "action_flag": 3,
      "change_message": ""
   }
},
{
   "model": "admin.logentry",
   "pk": 48,
   "fields": {
      "action_time": "2023-06-04T19:05:57.973Z",
      "user": 1,
      "content_type": 14,
      "object_id": "4",
      "object_repr": "6.6\" Смартфон Samsung Galaxy M33 128 ГБ",
      "action_flag": 3,
      "change_message": ""
   }
},
{
   "model": "admin.logentry",
   "pk": 49,
   "fields": {
      "action_time": "2023-06-04T19:05:57.979Z",
      "user": 1,
      "content_type": 14,
      "object_id": "5",
      "object_repr": "6.6\" Смартфон Samsung Galaxy M33 128 ГБ",
      "action_flag": 3,
      "change_message": ""
   }
},
{
   "model": "admin.logentry",
   "pk": 50,
   "fields": {
      "action_time": "2023-06-04T19:05:57.983Z",
      "user": 1,
      "content_type": 14,
      "object_id": "6",
      "object_repr": "6.6\" Смартфон Samsung Galaxy M33 128 ГБ",
      "action_flag": 3,
      "change_message": ""
   }
},
{
   "model": "admin.logentry",
   "pk": 51,
   "fields": {
      "action_time": "2023-06-04T19:05:57.988Z",
      "user": 1,
      "content_type": 14,
      "object_id": "7",
      "object_repr": "6.6\" Смартфон Samsung Galaxy M33 128 ГБ",
      "action_flag": 3,
      "change_message": ""
   }
},
{
   "model": "admin.logentry",
   "pk": 52,
   "fields": {
      "action_time": "2023-06-04T19:05:57.992Z",
      "user": 1,
      "content_type": 14,
      "object_id": "8",
      "object_repr": "6.6\" Смартфон Samsung Galaxy M33 128 ГБ",
      "action_flag": 3,
      "change_message": ""
   }
},
{
   "model": "admin.logentry",
   "pk": 53,
   "fields": {
      "action_time": "2023-06-04T19:05:57.996Z",
      "user": 1,
      "content_type": 14,
      "object_id": "9",
      "object_repr": "6.67\" Смартфон Xiaomi Redmi Note 10 Pro 128 ГБ",
      "action_flag": 3,
      "change_message": ""
   }
},
{
   "model": "admin.logentry",
   "pk": 54,
   "fields": {
      "action_time": "2023-06-04T19:05:58.000Z",
      "user": 1,
      "content_type": 14,
      "object_id": "10",
      "object_repr": "6.67\" Смартфон Xiaomi Redmi Note 10 Pro 128 ГБ",
      "action_flag": 3,
      "change_message": ""
   }
},
{
   "model": "admin.logentry",
   "pk": 55,
   "fields": {
      "action_time": "2023-06-04T19:05:58.004Z",
      "user": 1,
      "content_type": 14,
      "object_id": "11",
      "object_repr": "6.67\" Смартфон Xiaomi Redmi Note 10 Pro 128 ГБ",
      "action_flag": 3,
      "change_message": ""
   }
},
{
   "model": "admin.logentry",
   "pk": 56,
   "fields": {
      "action_time": "2023-06-04T19:05:58.007Z",
      "user": 1,
      "content_type": 14,
      "object_id": "12",
      "object_repr": "6.67\" Смартфон Xiaomi Redmi Note 10 Pro 128 ГБ",
      "action_flag": 3,
      "change_message": ""
   }
},
{
   "model": "admin.logentry",
   "pk": 57,
   "fields": {
      "action_time": "2023-06-04T19:05:58.010Z",
      "user": 1,
      "content_type": 14,
      "object_id": "13",
      "object_repr": "6.67\" Смартфон Xiaomi Redmi Note 10 Pro 128 ГБ",
      "action_flag": 3,
      "change_message": ""
   }
},
{
   "model": "admin.logentry",
   "pk": 58,
   "fields": {
      "action_time": "2023-06-04T19:05:58.014Z",
      "user": 1,
      "content_type": 14,
      "object_id": "14",
      "object_repr": "6.67\" Смартфон Xiaomi Redmi Note 10 Pro 128 ГБ",
      "action_flag": 3,
      "change_message": ""
   }
},
{
   "model": "admin.logentry",
   "pk": 59,
   "fields": {
      "action_time": "2023-06-04T19:05:58.017Z",
      "user": 1,
      "content_type": 14,
      "object_id": "15",
      "object_repr": "6.67\" Смартфон Xiaomi Redmi Note 10 Pro 128 ГБ",
      "action_flag": 3,
      "change_message": ""
   }
},
{
   "model": "admin.logentry",
   "pk": 60,
   "fields": {
      "action_time": "2023-06-04T19:05:58.020Z",
      "user": 1,
      "content_type": 14,
      "object_id": "16",
      "object_repr": "16\" Ноутбук ASUS VivoBook S 16X M5602QA-L2117",
      "action_flag": 3,
      "change_message": ""
   }
},
{
   "model": "admin.logentry",
   "pk": 61,
   "fields": {
      "action_time": "2023-06-04T19:05:58.024Z",
      "user": 1,
      "content_type": 14,
      "object_id": "17",
      "object_repr": "17.3\" Ноутбук ARDOR GAMING NEO G17-I5ND203",
      "action_flag": 3,
      "change_message": ""
   }
},
{
   "model": "admin.logentry",
   "pk": 62,
   "fields": {
      "action_time": "2023-06-04T19:05:58.026Z",
      "user": 1,
      "content_type": 14,
      "object_id": "18",
      "object_repr": "17.3\" Ноутбук ARDOR GAMING NEO G17-I5ND203",
      "action_flag": 3,
      "change_message": ""
   }
},
{
   "model": "admin.logentry",
   "pk": 63,
   "fields": {
      "action_time": "2023-06-05T17:34:34.385Z",
      "user": 1,
      "content_type": 14,
      "object_id": "23",
      "object_repr": "6.78\" Смартфон HUAWEI nova 9 SE 128 ГБ",
      "action_flag": 3,
      "change_message": ""
   }
},
{
   "model": "admin.logentry",
   "pk": 64,
   "fields": {
      "action_time": "2023-06-05T17:34:34.392Z",
      "user": 1,
      "content_type": 14,
      "object_id": "22",
      "object_repr": "6.78\" Смартфон HUAWEI nova 9 SE 128 ГБ",
      "action_flag": 3,
      "change_message": ""
   }
},
{
   "model": "admin.logentry",
   "pk": 65,
   "fields": {
      "action_time": "2023-06-05T17:34:34.396Z",
      "user": 1,
      "content_type": 14,
      "object_id": "21",
      "object_repr": "16\" Ноутбук ASUS VivoBook S 16X M5602QA-L2117",
      "action_flag": 3,
      "change_message": ""
   }
},
{
   "model": "admin.logentry",
   "pk": 66,
   "fields": {
      "action_time": "2023-06-05T17:34:34.400Z",
      "user": 1,
      "content_type": 14,
      "object_id": "20",
      "object_repr": "17.3\" Ноутбук ARDOR GAMING NEO G17-I5ND203",
      "action_flag": 3,
      "change_message": ""
   }
},
{
   "model": "admin.logentry",
   "pk": 67,
   "fields": {
      "action_time": "2023-06-05T17:34:34.404Z",
      "user": 1,
      "content_type": 14,
      "object_id": "19",
      "object_repr": "6.6\" Смартфон Samsung Galaxy M33 128 ГБ",
      "action_flag": 3,
      "change_message": ""
   }
},
{
   "model": "admin.logentry",
   "pk": 68,
   "fields": {
      "action_time": "2023-06-18T07:18:18.187Z",
      "user": 1,
      "content_type": 11,
      "object_id": "9",
      "object_repr": "71000.01 17.3\" Ноутбук ARDOR GAMING NEO G17-I5ND203",
      "action_flag": 2,
      "change_message": "[{\"changed\": {\"fields\": [\"Price\"]}}]"
   }
},
{
   "model": "admin.logentry",
   "pk": 69,
   "fields": {
      "action_time": "2023-06-18T07:18:30.416Z",
      "user": 1,
      "content_type": 11,
      "object_id": "8",
      "object_repr": "73000.02 17.3\" Ноутбук MSI Katana GF76 12UC-265XRU",
      "action_flag": 2,
      "change_message": "[{\"changed\": {\"fields\": [\"Price\"]}}]"
   }
},
{
   "model": "admin.logentry",
   "pk": 70,
   "fields": {
      "action_time": "2023-06-18T07:18:41.022Z",
      "user": 1,
      "content_type": 11,
      "object_id": "7",
      "object_repr": "80000.03 16\" Ноутбук ASUS VivoBook S 16X M5602QA-L2117",
      "action_flag": 2,
      "change_message": "[{\"changed\": {\"fields\": [\"Price\"]}}]"
   }
},
{
   "model": "admin.logentry",
   "pk": 71,
   "fields": {
      "action_time": "2023-06-18T07:18:51.370Z",
      "user": 1,
      "content_type": 11,
      "object_id": "6",
      "object_repr": "120000.04 16\" Ноутбук HUAWEI MateBook 16s CREF-X",
      "action_flag": 2,
      "change_message": "[{\"changed\": {\"fields\": [\"Price\"]}}]"
   }
},
{
   "model": "admin.logentry",
   "pk": 72,
   "fields": {
      "action_time": "2023-06-18T07:19:04.084Z",
      "user": 1,
      "content_type": 11,
      "object_id": "5",
      "object_repr": "22000.05 6.67\" Смартфон Xiaomi Redmi Note 10 Pro 128 ГБ",
      "action_flag": 2,
      "change_message": "[{\"changed\": {\"fields\": [\"Price\"]}}]"
   }
},
{
   "model": "admin.logentry",
   "pk": 73,
   "fields": {
      "action_time": "2023-06-18T07:19:17.438Z",
      "user": 1,
      "content_type": 11,
      "object_id": "4",
      "object_repr": "25000.06 6.6\" Смартфон Samsung Galaxy M33 128 ГБ",
      "action_flag": 2,
      "change_message": "[{\"changed\": {\"fields\": [\"Price\"]}}]"
   }
},
{
   "model": "admin.logentry",
   "pk": 74,
   "fields": {
      "action_time": "2023-06-18T07:19:33.138Z",
      "user": 1,
      "content_type": 11,
      "object_id": "3",
      "object_repr": "22790.08 6.78\" Смартфон HUAWEI nova 9 SE 128 ГБ",
      "action_flag": 2,
      "change_message": "[{\"changed\": {\"fields\": [\"Price\"]}}]"
   }
},
{
   "model": "admin.logentry",
   "pk": 75,
   "fields": {
      "action_time": "2023-06-18T07:19:42.375Z",
      "user": 1,
      "content_type": 11,
      "object_id": "2",
      "object_repr": "80900.07 6.7\" Смартфон Apple iPhone 14 Plus 128 ГБ",
      "action_flag": 2,
      "change_message": "[{\"changed\": {\"fields\": [\"Price\"]}}]"
   }
},
{
   "model": "admin.logentry",
   "pk": 76,
   "fields": {
      "action_time": "2023-06-28T19:03:23.132Z",
      "user": 1,
      "content_type": 14,
      "object_id": "59",
      "object_repr": "6.67\" Смартфон Xiaomi Redmi Note 10 Pro 128 ГБ",
      "action_flag": 3,
      "change_message": ""
   }
},
{
   "model": "admin.logentry",
   "pk": 77,
   "fields": {
      "action_time": "2023-06-28T19:03:23.139Z",
      "user": 1,
      "content_type": 14,
      "object_id": "58",
      "object_repr": "6.67\" Смартфон Xiaomi Redmi Note 10 Pro 128 ГБ",
      "action_flag": 3,
      "change_message": ""
   }
},
{
   "model": "admin.logentry",
   "pk": 78,
   "fields": {
      "action_time": "2023-06-28T19:03:23.144Z",
      "user": 1,
      "content_type": 14,
      "object_id": "57",
      "object_repr": "17.3\" Ноутбук ARDOR GAMING NEO G17-I5ND203",
      "action_flag": 3,
      "change_message": ""
   }
},
{
   "model": "admin.logentry",
   "pk": 79,
   "fields": {
      "action_time": "2023-06-28T19:03:23.149Z",
      "user": 1,
      "content_type": 14,
      "object_id": "56",
      "object_repr": "16\" Ноутбук ASUS VivoBook S 16X M5602QA-L2117",
      "action_flag": 3,
      "change_message": ""
   }
},
{
   "model": "admin.logentry",
   "pk": 80,
   "fields": {
      "action_time": "2023-06-28T19:03:23.152Z",
      "user": 1,
      "content_type": 14,
      "object_id": "55",
      "object_repr": "6.6\" Смартфон Samsung Galaxy M33 128 ГБ",
      "action_flag": 3,
      "change_message": ""
   }
},
{
   "model": "admin.logentry",
   "pk": 81,
   "fields": {
      "action_time": "2023-06-28T19:03:23.155Z",
      "user": 1,
      "content_type": 14,
      "object_id": "54",
      "object_repr": "6.6\" Смартфон Samsung Galaxy M33 128 ГБ",
      "action_flag": 3,
      "change_message": ""
   }
},
{
   "model": "admin.logentry",
   "pk": 82,
   "fields": {
      "action_time": "2023-06-28T19:03:23.158Z",
      "user": 1,
      "content_type": 14,
      "object_id": "53",
      "object_repr": "6.6\" Смартфон Samsung Galaxy M33 128 ГБ",
      "action_flag": 3,
      "change_message": ""
   }
},
{
   "model": "admin.logentry",
   "pk": 83,
   "fields": {
      "action_time": "2023-06-28T19:03:23.161Z",
      "user": 1,
      "content_type": 14,
      "object_id": "52",
      "object_repr": "6.6\" Смартфон Samsung Galaxy M33 128 ГБ",
      "action_flag": 3,
      "change_message": ""
   }
},
{
   "model": "admin.logentry",
   "pk": 84,
   "fields": {
      "action_time": "2023-06-28T19:03:23.164Z",
      "user": 1,
      "content_type": 14,
      "object_id": "51",
      "object_repr": "6.6\" Смартфон Samsung Galaxy M33 128 ГБ",
      "action_flag": 3,
      "change_message": ""
   }
},
{
   "model": "admin.logentry",
   "pk": 85,
   "fields": {
      "action_time": "2023-06-28T19:03:23.167Z",
      "user": 1,
      "content_type": 14,
      "object_id": "50",
      "object_repr": "6.67\" Смартфон Xiaomi Redmi Note 10 Pro 128 ГБ",
      "action_flag": 3,
      "change_message": ""
   }
},
{
   "model": "admin.logentry",
   "pk": 86,
   "fields": {
      "action_time": "2023-06-28T19:03:23.170Z",
      "user": 1,
      "content_type": 14,
      "object_id": "49",
      "object_repr": "17.3\" Ноутбук ARDOR GAMING NEO G17-I5ND203",
      "action_flag": 3,
      "change_message": ""
   }
},
{
   "model": "admin.logentry",
   "pk": 87,
   "fields": {
      "action_time": "2023-06-28T19:03:23.172Z",
      "user": 1,
      "content_type": 14,
      "object_id": "48",
      "object_repr": "6.67\" Смартфон Xiaomi Redmi Note 10 Pro 128 ГБ",
      "action_flag": 3,
      "change_message": ""
   }
},
{
   "model": "admin.logentry",
   "pk": 88,
   "fields": {
      "action_time": "2023-06-28T19:03:23.176Z",
      "user": 1,
      "content_type": 14,
      "object_id": "47",
      "object_repr": "17.3\" Ноутбук ARDOR GAMING NEO G17-I5ND203",
      "action_flag": 3,
      "change_message": ""
   }
},
{
   "model": "admin.logentry",
   "pk": 89,
   "fields": {
      "action_time": "2023-06-28T19:03:23.179Z",
      "user": 1,
      "content_type": 14,
      "object_id": "46",
      "object_repr": "6.7\" Смартфон Apple iPhone 14 Plus 128 ГБ",
      "action_flag": 3,
      "change_message": ""
   }
},
{
   "model": "admin.logentry",
   "pk": 90,
   "fields": {
      "action_time": "2023-06-28T19:03:23.181Z",
      "user": 1,
      "content_type": 14,
      "object_id": "45",
      "object_repr": "16\" Ноутбук ASUS VivoBook S 16X M5602QA-L2117",
      "action_flag": 3,
      "change_message": ""
   }
},
{
   "model": "admin.logentry",
   "pk": 91,
   "fields": {
      "action_time": "2023-06-28T19:03:23.184Z",
      "user": 1,
      "content_type": 14,
      "object_id": "44",
      "object_repr": "17.3\" Ноутбук ARDOR GAMING NEO G17-I5ND203",
      "action_flag": 3,
      "change_message": ""
   }
},
{
   "model": "admin.logentry",
   "pk": 92,
   "fields": {
      "action_time": "2023-06-28T19:03:23.187Z",
      "user": 1,
      "content_type": 14,
      "object_id": "43",
      "object_repr": "17.3\" Ноутбук ARDOR GAMING NEO G17-I5ND203",
      "action_flag": 3,
      "change_message": ""
   }
},
{
   "model": "admin.logentry",
   "pk": 93,
   "fields": {
      "action_time": "2023-06-28T19:03:23.189Z",
      "user": 1,
      "content_type": 14,
      "object_id": "42",
      "object_repr": "6.6\" Смартфон Samsung Galaxy M33 128 ГБ",
      "action_flag": 3,
      "change_message": ""
   }
},
{
   "model": "admin.logentry",
   "pk": 94,
   "fields": {
      "action_time": "2023-06-28T19:03:23.193Z",
      "user": 1,
      "content_type": 14,
      "object_id": "41",
      "object_repr": "17.3\" Ноутбук ARDOR GAMING NEO G17-I5ND203",
      "action_flag": 3,
      "change_message": ""
   }
},
{
   "model": "admin.logentry",
   "pk": 95,
   "fields": {
      "action_time": "2023-06-28T19:03:23.196Z",
      "user": 1,
      "content_type": 14,
      "object_id": "40",
      "object_repr": "6.67\" Смартфон Xiaomi Redmi Note 10 Pro 128 ГБ",
      "action_flag": 3,
      "change_message": ""
   }
},
{
   "model": "admin.logentry",
   "pk": 96,
   "fields": {
      "action_time": "2023-06-28T19:03:23.199Z",
      "user": 1,
      "content_type": 14,
      "object_id": "39",
      "object_repr": "16\" Ноутбук HUAWEI MateBook 16s CREF-X",
      "action_flag": 3,
      "change_message": ""
   }
},
{
   "model": "admin.logentry",
   "pk": 97,
   "fields": {
      "action_time": "2023-06-28T19:03:23.202Z",
      "user": 1,
      "content_type": 14,
      "object_id": "38",
      "object_repr": "6.6\" Смартфон Samsung Galaxy M33 128 ГБ",
      "action_flag": 3,
      "change_message": ""
   }
},
{
   "model": "admin.logentry",
   "pk": 98,
   "fields": {
      "action_time": "2023-06-28T19:03:23.205Z",
      "user": 1,
      "content_type": 14,
      "object_id": "37",
      "object_repr": "17.3\" Ноутбук ARDOR GAMING NEO G17-I5ND203",
      "action_flag": 3,
      "change_message": ""
   }
},
{
   "model": "admin.logentry",
   "pk": 99,
   "fields": {
      "action_time": "2023-06-28T19:03:23.208Z",
      "user": 1,
      "content_type": 14,
      "object_id": "36",
      "object_repr": "17.3\" Ноутбук ARDOR GAMING NEO G17-I5ND203",
      "action_flag": 3,
      "change_message": ""
   }
},
{
   "model": "admin.logentry",
   "pk": 100,
   "fields": {
      "action_time": "2023-06-28T19:03:23.211Z",
      "user": 1,
      "content_type": 14,
      "object_id": "35",
      "object_repr": "17.3\" Ноутбук ARDOR GAMING NEO G17-I5ND203",
      "action_flag": 3,
      "change_message": ""
   }
},
{
   "model": "admin.logentry",
   "pk": 101,
   "fields": {
      "action_time": "2023-06-28T19:03:23.214Z",
      "user": 1,
      "content_type": 14,
      "object_id": "34",
      "object_repr": "6.67\" Смартфон Xiaomi Redmi Note 10 Pro 128 ГБ",
      "action_flag": 3,
      "change_message": ""
   }
},
{
   "model": "admin.logentry",
   "pk": 102,
   "fields": {
      "action_time": "2023-06-28T19:03:23.217Z",
      "user": 1,
      "content_type": 14,
      "object_id": "33",
      "object_repr": "6.67\" Смартфон Xiaomi Redmi Note 10 Pro 128 ГБ",
      "action_flag": 3,
      "change_message": ""
   }
},
{
   "model": "admin.logentry",
   "pk": 103,
   "fields": {
      "action_time": "2023-06-28T19:03:23.219Z",
      "user": 1,
      "content_type": 14,
      "object_id": "32",
      "object_repr": "6.67\" Смартфон Xiaomi Redmi Note 10 Pro 128 ГБ",
      "action_flag": 3,
      "change_message": ""
   }
},
{
   "model": "admin.logentry",
   "pk": 104,
   "fields": {
      "action_time": "2023-06-28T19:03:23.222Z",
      "user": 1,
      "content_type": 14,
      "object_id": "31",
      "object_repr": "6.78\" Смартфон HUAWEI nova 9 SE 128 ГБ",
      "action_flag": 3,
      "change_message": ""
   }
},
{
   "model": "admin.logentry",
   "pk": 105,
   "fields": {
      "action_time": "2023-06-28T19:03:23.225Z",
      "user": 1,
      "content_type": 14,
      "object_id": "30",
      "object_repr": "6.78\" Смартфон HUAWEI nova 9 SE 128 ГБ",
      "action_flag": 3,
      "change_message": ""
   }
},
{
   "model": "admin.logentry",
   "pk": 106,
   "fields": {
      "action_time": "2023-06-28T19:03:23.228Z",
      "user": 1,
      "content_type": 14,
      "object_id": "29",
      "object_repr": "6.78\" Смартфон HUAWEI nova 9 SE 128 ГБ",
      "action_flag": 3,
      "change_message": ""
   }
},
{
   "model": "admin.logentry",
   "pk": 107,
   "fields": {
      "action_time": "2023-06-28T19:03:23.231Z",
      "user": 1,
      "content_type": 14,
      "object_id": "28",
      "object_repr": "6.78\" Смартфон HUAWEI nova 9 SE 128 ГБ",
      "action_flag": 3,
      "change_message": ""
   }
},
{
   "model": "admin.logentry",
   "pk": 108,
   "fields": {
      "action_time": "2023-06-28T19:03:23.233Z",
      "user": 1,
      "content_type": 14,
      "object_id": "27",
      "object_repr": "6.78\" Смартфон HUAWEI nova 9 SE 128 ГБ",
      "action_flag": 3,
      "change_message": ""
   }
},
{
   "model": "admin.logentry",
   "pk": 109,
   "fields": {
      "action_time": "2023-06-28T19:03:23.236Z",
      "user": 1,
      "content_type": 14,
      "object_id": "26",
      "object_repr": "6.78\" Смартфон HUAWEI nova 9 SE 128 ГБ",
      "action_flag": 3,
      "change_message": ""
   }
},
{
   "model": "admin.logentry",
   "pk": 110,
   "fields": {
      "action_time": "2023-06-28T19:03:23.239Z",
      "user": 1,
      "content_type": 14,
      "object_id": "25",
      "object_repr": "6.78\" Смартфон HUAWEI nova 9 SE 128 ГБ",
      "action_flag": 3,
      "change_message": ""
   }
},
{
   "model": "admin.logentry",
   "pk": 111,
   "fields": {
      "action_time": "2023-06-28T19:03:23.242Z",
      "user": 1,
      "content_type": 14,
      "object_id": "24",
      "object_repr": "6.78\" Смартфон HUAWEI nova 9 SE 128 ГБ",
      "action_flag": 3,
      "change_message": ""
   }
},
{
   "model": "auth.permission",
   "pk": 1,
   "fields": {
      "name": "Can add log entry",
      "content_type": 1,
      "codename": "add_logentry"
   }
},
{
   "model": "auth.permission",
   "pk": 2,
   "fields": {
      "name": "Can change log entry",
      "content_type": 1,
      "codename": "change_logentry"
   }
},
{
   "model": "auth.permission",
   "pk": 3,
   "fields": {
      "name": "Can delete log entry",
      "content_type": 1,
      "codename": "delete_logentry"
   }
},
{
   "model": "auth.permission",
   "pk": 4,
   "fields": {
      "name": "Can view log entry",
      "content_type": 1,
      "codename": "view_logentry"
   }
},
{
   "model": "auth.permission",
   "pk": 5,
   "fields": {
      "name": "Can add permission",
      "content_type": 2,
      "codename": "add_permission"
   }
},
{
   "model": "auth.permission",
   "pk": 6,
   "fields": {
      "name": "Can change permission",
      "content_type": 2,
      "codename": "change_permission"
   }
},
{
   "model": "auth.permission",
   "pk": 7,
   "fields": {
      "name": "Can delete permission",
      "content_type": 2,
      "codename": "delete_permission"
   }
},
{
   "model": "auth.permission",
   "pk": 8,
   "fields": {
      "name": "Can view permission",
      "content_type": 2,
      "codename": "view_permission"
   }
},
{
   "model": "auth.permission",
   "pk": 9,
   "fields": {
      "name": "Can add group",
      "content_type": 3,
      "codename": "add_group"
   }
},
{
   "model": "auth.permission",
   "pk": 10,
   "fields": {
      "name": "Can change group",
      "content_type": 3,
      "codename": "change_group"
   }
},
{
   "model": "auth.permission",
   "pk": 11,
   "fields": {
      "name": "Can delete group",
      "content_type": 3,
      "codename": "delete_group"
   }
},
{
   "model": "auth.permission",
   "pk": 12,
   "fields": {
      "name": "Can view group",
      "content_type": 3,
      "codename": "view_group"
   }
},
{
   "model": "auth.permission",
   "pk": 13,
   "fields": {
      "name": "Can add user",
      "content_type": 4,
      "codename": "add_user"
   }
},
{
   "model": "auth.permission",
   "pk": 14,
   "fields": {
      "name": "Can change user",
      "content_type": 4,
      "codename": "change_user"
   }
},
{
   "model": "auth.permission",
   "pk": 15,
   "fields": {
      "name": "Can delete user",
      "content_type": 4,
      "codename": "delete_user"
   }
},
{
   "model": "auth.permission",
   "pk": 16,
   "fields": {
      "name": "Can view user",
      "content_type": 4,
      "codename": "view_user"
   }
},
{
   "model": "auth.permission",
   "pk": 17,
   "fields": {
      "name": "Can add content type",
      "content_type": 5,
      "codename": "add_contenttype"
   }
},
{
   "model": "auth.permission",
   "pk": 18,
   "fields": {
      "name": "Can change content type",
      "content_type": 5,
      "codename": "change_contenttype"
   }
},
{
   "model": "auth.permission",
   "pk": 19,
   "fields": {
      "name": "Can delete content type",
      "content_type": 5,
      "codename": "delete_contenttype"
   }
},
{
   "model": "auth.permission",
   "pk": 20,
   "fields": {
      "name": "Can view content type",
      "content_type": 5,
      "codename": "view_contenttype"
   }
},
{
   "model": "auth.permission",
   "pk": 21,
   "fields": {
      "name": "Can add session",
      "content_type": 6,
      "codename": "add_session"
   }
},
{
   "model": "auth.permission",
   "pk": 22,
   "fields": {
      "name": "Can change session",
      "content_type": 6,
      "codename": "change_session"
   }
},
{
   "model": "auth.permission",
   "pk": 23,
   "fields": {
      "name": "Can delete session",
      "content_type": 6,
      "codename": "delete_session"
   }
},
{
   "model": "auth.permission",
   "pk": 24,
   "fields": {
      "name": "Can view session",
      "content_type": 6,
      "codename": "view_session"
   }
},
{
   "model": "auth.permission",
   "pk": 25,
   "fields": {
      "name": "Can add Подписчик",
      "content_type": 7,
      "codename": "add_subscriber"
   }
},
{
   "model": "auth.permission",
   "pk": 26,
   "fields": {
      "name": "Can change Подписчик",
      "content_type": 7,
      "codename": "change_subscriber"
   }
},
{
   "model": "auth.permission",
   "pk": 27,
   "fields": {
      "name": "Can delete Подписчик",
      "content_type": 7,
      "codename": "delete_subscriber"
   }
},
{
   "model": "auth.permission",
   "pk": 28,
   "fields": {
      "name": "Can view Подписчик",
      "content_type": 7,
      "codename": "view_subscriber"
   }
},
{
   "model": "auth.permission",
   "pk": 29,
   "fields": {
      "name": "Can add Заказ",
      "content_type": 8,
      "codename": "add_order"
   }
},
{
   "model": "auth.permission",
   "pk": 30,
   "fields": {
      "name": "Can change Заказ",
      "content_type": 8,
      "codename": "change_order"
   }
},
{
   "model": "auth.permission",
   "pk": 31,
   "fields": {
      "name": "Can delete Заказ",
      "content_type": 8,
      "codename": "delete_order"
   }
},
{
   "model": "auth.permission",
   "pk": 32,
   "fields": {
      "name": "Can view Заказ",
      "content_type": 8,
      "codename": "view_order"
   }
},
{
   "model": "auth.permission",
   "pk": 33,
   "fields": {
      "name": "Can add Статус заказа",
      "content_type": 9,
      "codename": "add_status"
   }
},
{
   "model": "auth.permission",
   "pk": 34,
   "fields": {
      "name": "Can change Статус заказа",
      "content_type": 9,
      "codename": "change_status"
   }
},
{
   "model": "auth.permission",
   "pk": 35,
   "fields": {
      "name": "Can delete Статус заказа",
      "content_type": 9,
      "codename": "delete_status"
   }
},
{
   "model": "auth.permission",
   "pk": 36,
   "fields": {
      "name": "Can view Статус заказа",
      "content_type": 9,
      "codename": "view_status"
   }
},
{
   "model": "auth.permission",
   "pk": 37,
   "fields": {
      "name": "Can add Товар",
      "content_type": 10,
      "codename": "add_productinorder"
   }
},
{
   "model": "auth.permission",
   "pk": 38,
   "fields": {
      "name": "Can change Товар",
      "content_type": 10,
      "codename": "change_productinorder"
   }
},
{
   "model": "auth.permission",
   "pk": 39,
   "fields": {
      "name": "Can delete Товар",
      "content_type": 10,
      "codename": "delete_productinorder"
   }
},
{
   "model": "auth.permission",
   "pk": 40,
   "fields": {
      "name": "Can view Товар",
      "content_type": 10,
      "codename": "view_productinorder"
   }
},
{
   "model": "auth.permission",
   "pk": 41,
   "fields": {
      "name": "Can add Товар",
      "content_type": 11,
      "codename": "add_product"
   }
},
{
   "model": "auth.permission",
   "pk": 42,
   "fields": {
      "name": "Can change Товар",
      "content_type": 11,
      "codename": "change_product"
   }
},
{
   "model": "auth.permission",
   "pk": 43,
   "fields": {
      "name": "Can delete Товар",
      "content_type": 11,
      "codename": "delete_product"
   }
},
{
   "model": "auth.permission",
   "pk": 44,
   "fields": {
      "name": "Can view Товар",
      "content_type": 11,
      "codename": "view_product"
   }
},
{
   "model": "auth.permission",
   "pk": 45,
   "fields": {
      "name": "Can add Фотография",
      "content_type": 12,
      "codename": "add_productimage"
   }
},
{
   "model": "auth.permission",
   "pk": 46,
   "fields": {
      "name": "Can change Фотография",
      "content_type": 12,
      "codename": "change_productimage"
   }
},
{
   "model": "auth.permission",
   "pk": 47,
   "fields": {
      "name": "Can delete Фотография",
      "content_type": 12,
      "codename": "delete_productimage"
   }
},
{
   "model": "auth.permission",
   "pk": 48,
   "fields": {
      "name": "Can view Фотография",
      "content_type": 12,
      "codename": "view_productimage"
   }
},
{
   "model": "auth.permission",
   "pk": 49,
   "fields": {
      "name": "Can add Категория товара",
      "content_type": 13,
      "codename": "add_productcategory"
   }
},
{
   "model": "auth.permission",
   "pk": 50,
   "fields": {
      "name": "Can change Категория товара",
      "content_type": 13,
      "codename": "change_productcategory"
   }
},
{
   "model": "auth.permission",
   "pk": 51,
   "fields": {
      "name": "Can delete Категория товара",
      "content_type": 13,
      "codename": "delete_productcategory"
   }
},
{
   "model": "auth.permission",
   "pk": 52,
   "fields": {
      "name": "Can view Категория товара",
      "content_type": 13,
      "codename": "view_productcategory"
   }
},
{
   "model": "auth.permission",
   "pk": 53,
   "fields": {
      "name": "Can add Товар в корзине",
      "content_type": 14,
      "codename": "add_productinbasket"
   }
},
{
   "model": "auth.permission",
   "pk": 54,
   "fields": {
      "name": "Can change Товар в корзине",
      "content_type": 14,
      "codename": "change_productinbasket"
   }
},
{
   "model": "auth.permission",
   "pk": 55,
   "fields": {
      "name": "Can delete Товар в корзине",
      "content_type": 14,
      "codename": "delete_productinbasket"
   }
},
{
   "model": "auth.permission",
   "pk": 56,
   "fields": {
      "name": "Can view Товар в корзине",
      "content_type": 14,
      "codename": "view_productinbasket"
   }
},
{
   "model": "auth.user",
   "pk": 1,
   "fields": {
      "password": "pbkdf2_sha256$390000$uVyOWjMkdaDIrCbADGQXUx$9NXGf4VGOIswUEhNzZSdj8kmSNpzc7xQWUFcdtFgelI=",
      "last_login": "2023-06-29T18:19:42.654Z",
      "is_superuser": true,
      "username": "Fox",
      "first_name": "",
      "last_name": "",
      "email": "fox@mail.ru",
      "is_staff": true,
      "is_active": true,
      "date_joined": "2023-05-19T18:23:06.378Z",
      "groups": [],
      "user_permissions": []
   }
},
{
   "model": "auth.user",
   "pk": 2,
   "fields": {
      "password": "",
      "last_login": null,
      "is_superuser": false,
      "username": "13413413",
      "first_name": "Гога",
      "last_name": "",
      "email": "",
      "is_staff": false,
      "is_active": true,
      "date_joined": "2023-06-28T09:04:56.584Z",
      "groups": [],
      "user_permissions": []
   }
},
{
   "model": "auth.user",
   "pk": 3,
   "fields": {
      "password": "",
      "last_login": null,
      "is_superuser": false,
      "username": "234234234",
      "first_name": "Тест",
      "last_name": "",
      "email": "",
      "is_staff": false,
      "is_active": true,
      "date_joined": "2023-06-28T09:49:46.332Z",
      "groups": [],
      "user_permissions": []
   }
},
{
   "model": "auth.user",
   "pk": 4,
   "fields": {
      "password": "",
      "last_login": null,
      "is_superuser": false,
      "username": "233223",
      "first_name": "Тест2",
      "last_name": "",
      "email": "wwtet@serh.gf",
      "is_staff": false,
      "is_active": true,
      "date_joined": "2023-06-28T09:52:37.585Z",
      "groups": [],
      "user_permissions": []
   }
},
{
   "model": "auth.user",
   "pk": 5,
   "fields": {
      "password": "",
      "last_login": null,
      "is_superuser": false,
      "username": "7987986",
      "first_name": "test",
      "last_name": "",
      "email": "cuzzza@mail.ru",
      "is_staff": false,
      "is_active": true,
      "date_joined": "2023-06-28T10:39:24.851Z",
      "groups": [],
      "user_permissions": []
   }
},
{
   "model": "auth.user",
   "pk": 6,
   "fields": {
      "password": "",
      "last_login": null,
      "is_superuser": false,
      "username": "121123",
      "first_name": "test",
      "last_name": "",
      "email": "asfasfasf@rgewrgf.ftyjhf",
      "is_staff": false,
      "is_active": true,
      "date_joined": "2023-06-28T18:33:00.079Z",
      "groups": [],
      "user_permissions": []
   }
},
{
   "model": "contenttypes.contenttype",
   "pk": 1,
   "fields": {
      "app_label": "admin",
      "model": "logentry"
   }
},
{
   "model": "contenttypes.contenttype",
   "pk": 2,
   "fields": {
      "app_label": "auth",
      "model": "permission"
   }
},
{
   "model": "contenttypes.contenttype",
   "pk": 3,
   "fields": {
      "app_label": "auth",
      "model": "group"
   }
},
{
   "model": "contenttypes.contenttype",
   "pk": 4,
   "fields": {
      "app_label": "auth",
      "model": "user"
   }
},
{
   "model": "contenttypes.contenttype",
   "pk": 5,
   "fields": {
      "app_label": "contenttypes",
      "model": "contenttype"
   }
},
{
   "model": "contenttypes.contenttype",
   "pk": 6,
   "fields": {
      "app_label": "sessions",
      "model": "session"
   }
},
{
   "model": "contenttypes.contenttype",
   "pk": 7,
   "fields": {
      "app_label": "landing",
      "model": "subscriber"
   }
},
{
   "model": "contenttypes.contenttype",
   "pk": 8,
   "fields": {
      "app_label": "orders",
      "model": "order"
   }
},
{
   "model": "contenttypes.contenttype",
   "pk": 9,
   "fields": {
      "app_label": "orders",
      "model": "status"
   }
},
{
   "model": "contenttypes.contenttype",
   "pk": 10,
   "fields": {
      "app_label": "orders",
      "model": "productinorder"
   }
},
{
   "model": "contenttypes.contenttype",
   "pk": 11,
   "fields": {
      "app_label": "products",
      "model": "product"
   }
},
{
   "model": "contenttypes.contenttype",
   "pk": 12,
   "fields": {
      "app_label": "products",
      "model": "productimage"
   }
},
{
   "model": "contenttypes.contenttype",
   "pk": 13,
   "fields": {
      "app_label": "products",
      "model": "productcategory"
   }
},
{
   "model": "contenttypes.contenttype",
   "pk": 14,
   "fields": {
      "app_label": "orders",
      "model": "productinbasket"
   }
},
{
   "model": "sessions.session",
   "pk": "01aqb16gbifwo3ncrh1186kw7p196w1j",
   "fields": {
      "session_data": ".eJxVjDsOgzAQRO-ydWT5hw2U6XMGa82uAyGyJQxFFOXuAYmGaqR5b-YLlWudSg4zf6BX2twg4LaOYau8hImgBwWXLuIwcz4AvTA_ixhKXpcpikMRJ63iUYjf99O9HIxYx32tbWTtJKVk3JBsJzUmQ1FhS523yXDrOq0cSaMb69hoE_dgGcl7j6qB3x8cTz2M:1qEZyV:Ll3v0bEIeASCjZ8dD2vM5uI_9GiFUX-fu8-Q9EZ-ix8",
      "expire_date": "2023-07-12T18:33:07.076Z"
   }
},
{
   "model": "sessions.session",
   "pk": "09wn9nzaaroct5oggpq7n8n4oxa8i522",
   "fields": {
      "session_data": "e30:1q3LXH:jckOdHmQUNrYVveXCi64q8pr1749l7RO_oidznl-eHY",
      "expire_date": "2023-06-11T18:54:35.365Z"
   }
},
{
   "model": "sessions.session",
   "pk": "0ateaqgxgmpq20n5th244q5dk63g26hp",
   "fields": {
      "session_data": "e30:1qESLp:upaV-d5e2D1rOxQBKhH_OKm6M1etRqH7-pvWFfNweyQ",
      "expire_date": "2023-07-12T10:24:41.200Z"
   }
},
{
   "model": "sessions.session",
   "pk": "1mkt9rpr97w8tcnuh6f2dhta5ja2201d",
   "fields": {
      "session_data": ".eJxVjDsOwyAQRO9CHSF-BpMyvc-AFnYJTiKQjF1FuXtsyUVSjTTvzbxZgG0tYeu0hBnZlUl2-e0ipCfVA-AD6r3x1Oq6zJEfCj9p51NDet1O9--gQC_7WplIygrMWduUjRcKssYoYUTvTNY0Wq-kRaHVYCxppeMeJCI650AO7PMF5ik3oA:1q0R2r:UMa3eyBqxa8Q3uUVTPLqMAfo9vROzOvDlqmskki_p-k",
      "expire_date": "2023-06-03T18:11:09.719Z"
   }
},
{
   "model": "sessions.session",
   "pk": "1mqwa6rgd14sl6j0vju7z6jggx9zua6p",
   "fields": {
      "session_data": "e30:1q6ERZ:DEifjm38O0MO10CJD2YRwoCkye_RgcerJnmHXaWmv_w",
      "expire_date": "2023-06-19T17:56:37.637Z"
   }
},
{
   "model": "sessions.session",
   "pk": "1u68h2bxyy25ama2je77nn1bn58q364z",
   "fields": {
      "session_data": "e30:1q3Law:Tz4hgbHNyB6qU7hnVxduCEaDFWncusfba3IM67zNQ30",
      "expire_date": "2023-06-11T18:58:22.758Z"
   }
},
{
   "model": "sessions.session",
   "pk": "1z37qg75ecsombqy06cgqctd5qtkv76d",
   "fields": {
      "session_data": ".eJxVjDsOwyAQRO9CHSF-BpMyvc-AFnYJTiKQjF1FuXtsyUVSjTTvzbxZgG0tYeu0hBnZlUl2-e0ipCfVA-AD6r3x1Oq6zJEfCj9p51NDet1O9--gQC_7WplIygrMWduUjRcKssYoYUTvTNY0Wq-kRaHVYCxppeMeJCI650AO7PMF5ik3oA:1q0Qt9:gwFieIa1QZeSeXOiUd7LjUKfzfu44TVZy7eKfA7O3AU",
      "expire_date": "2023-06-03T18:01:07.134Z"
   }
},
{
   "model": "sessions.session",
   "pk": "20altcl6gqqw0888pdr6yv57jifctb4w",
   "fields": {
      "session_data": "eyJzZXNzaW9uX2tleSI6MTIzfQ:1q8Q7V:1bHmQ9FqRIkdOYKnl68CNybbkFRS1X9O_cI8lfMzKkA",
      "expire_date": "2023-06-25T18:48:57.077Z"
   }
},
{
   "model": "sessions.session",
   "pk": "2aza0gj1srxpzdlkx7z3o2rkmvi5nelx",
   "fields": {
      "session_data": "eyJzZXNzaW9uX2tleSI6MTIzfQ:1qEEI3:Nr2PHGcnekbBdjbrohIQuR2Ojsu3dDJwS1aOevQ27U8",
      "expire_date": "2023-07-11T19:23:51.068Z"
   }
},
{
   "model": "sessions.session",
   "pk": "2l3lm4pxeuuhuxplwtnnujmilrncjw8t",
   "fields": {
      "session_data": "eyJzZXNzaW9uX2tleSI6MTIzfQ:1qEEPA:sInYZ3D3Y5-E-ipQFWVfR-7PZvqYiCGYcUh_aDxFmR0",
      "expire_date": "2023-07-11T19:31:12.597Z"
   }
},
{
   "model": "sessions.session",
   "pk": "3act0muqxlb7btvxd6skgkjdh2zzk1op",
   "fields": {
      "session_data": ".eJxVjDsOwyAQRO9CHSF-BpMyvc-AFnYJTiKQjF1FuXtsyUVSjTTvzbxZgG0tYeu0hBnZlUl2-e0ipCfVA-AD6r3x1Oq6zJEfCj9p51NDet1O9--gQC_7WplIygrMWduUjRcKssYoYUTvTNY0Wq-kRaHVYCxppeMeJCI650AO7PMF5ik3oA:1q7K4n:MHkLGsy0DMk9WpaK7F_bFH7FYIkWxy1dxPzshW-mdy0",
      "expire_date": "2023-06-22T18:09:37.264Z"
   }
},
{
   "model": "sessions.session",
   "pk": "43rvujpwctqbszn21grhz2nq5r29dlzv",
   "fields": {
      "session_data": "eyJzZXNzaW9uX2tleSI6MTIzfQ:1q8PyV:JdNu_b_Ej6Nx4HR_UiJSBVOjC49YIzk3Fl4GTg6e-gw",
      "expire_date": "2023-06-25T18:39:39.839Z"
   }
},
{
   "model": "sessions.session",
   "pk": "4g5c5v5889un4iudg1a7kou50pfxbqak",
   "fields": {
      "session_data": ".eJxVjDsOwyAQRO9CHSF-BpMyvc-AFnYJTiKQjF1FuXtsyUVSjTTvzbxZgG0tYeu0hBnZlUl2-e0ipCfVA-AD6r3x1Oq6zJEfCj9p51NDet1O9--gQC_7WplIygrMWduUjRcKssYoYUTvTNY0Wq-kRaHVYCxppeMeJCI650AO7PMF5ik3oA:1q1WUZ:BqDmARlchGSnYeB9Sqlr8SiHWls_k7whTliUPQyZSOE",
      "expire_date": "2023-06-06T18:12:15.603Z"
   }
},
{
   "model": "sessions.session",
   "pk": "4kqfbgz8sphtq0cr0raygvo7537yiup1",
   "fields": {
      "session_data": ".eJxVjDsOwyAQRO9CHSF-BpMyvc-AFnYJTiKQjF1FuXtsyUVSjTTvzbxZgG0tYeu0hBnZlUl2-e0ipCfVA-AD6r3x1Oq6zJEfCj9p51NDet1O9--gQC_7WplIygrMWduUjRcKssYoYUTvTNY0Wq-kRaHVYCxppeMeJCI650AO7PMF5ik3oA:1q5shL:NpB1PGkpjGrpChjTTxvDMe6mMCHALTBlwgbRarvDJjM",
      "expire_date": "2023-06-18T18:43:27.043Z"
   }
},
{
   "model": "sessions.session",
   "pk": "589zrorh3b3h4wnpw7posjt7t9wy424r",
   "fields": {
      "session_data": "eyJzZXNzaW9uX2tleSI6MTIzfQ:1qEEJd:ZJO2RVE8Vnd94XVd8Yw4Hltvt8o_vtn2V34Py2xxNjs",
      "expire_date": "2023-07-11T19:25:29.409Z"
   }
},
{
   "model": "sessions.session",
   "pk": "5hfiimv3b2sv53uzj0q89v68fwzflvbb",
   "fields": {
      "session_data": ".eJxVjDsOwyAQRO9CHSF-BpMyvc-AFnYJTiKQjF1FuXtsyUVSjTTvzbxZgG0tYeu0hBnZlUl2-e0ipCfVA-AD6r3x1Oq6zJEfCj9p51NDet1O9--gQC_7WplIygrMWduUjRcKssYoYUTvTNY0Wq-kRaHVYCxppeMeJCI650AO7PMF5ik3oA:1q05rg:1L6jnF81wy3CobfCGgAMjB490zyrjEE7PVlACBaUBgI",
      "expire_date": "2023-06-02T19:34:12.186Z"
   }
},
{
   "model": "sessions.session",
   "pk": "5okdjamihxfnr1r7diis3q7vyalxe15h",
   "fields": {
      "session_data": ".eJxVjDsOwyAQRO9CHSF-BpMyvc-AFnYJTiKQjF1FuXtsyUVSjTTvzbxZgG0tYeu0hBnZlUl2-e0ipCfVA-AD6r3x1Oq6zJEfCj9p51NDet1O9--gQC_7WplIygrMWduUjRcKssYoYUTvTNY0Wq-kRaHVYCxppeMeJCI650AO7PMF5ik3oA:1q0R6X:l4kmb5h76YfYoVRawF9CHylXTmh037fBTm-C9AaVylw",
      "expire_date": "2023-06-03T18:14:57.548Z"
   }
},
{
   "model": "sessions.session",
   "pk": "5r9i2pvm7cv5j2ob8rswwbz9iea1mdtg",
   "fields": {
      "session_data": "e30:1q7Jqw:5015NxNSdlYEPOqRmD_-pB4nuVEGsP9JWrNFZ6Pg8zo",
      "expire_date": "2023-06-22T17:55:18.034Z"
   }
},
{
   "model": "sessions.session",
   "pk": "5u8x7cakhzp9hlppa3q4xxwpxiz263bb",
   "fields": {
      "session_data": ".eJxVjDsOwyAQRO9CHSF-BpMyvc-AFnYJTiKQjF1FuXtsyUVSjTTvzbxZgG0tYeu0hBnZlUl2-e0ipCfVA-AD6r3x1Oq6zJEfCj9p51NDet1O9--gQC_7WplIygrMWduUjRcKssYoYUTvTNY0Wq-kRaHVYCxppeMeJCI650AO7PMF5ik3oA:1q05oq:XJQC8CqM_d_fVu_v8w-BZthIKB9Rohrndpk4j_y8vSo",
      "expire_date": "2023-06-02T19:31:16.236Z"
   }
},
{
   "model": "sessions.session",
   "pk": "6jj8acx6ztvlrxjx9mzbnlk8zk61y1gf",
   "fields": {
      "session_data": ".eJxVjDsOgzAQRO-ydWT5hw2U6XMGa82uAyGyJQxFFOXuAYmGaqR5b-YLlWudSg4zf6BX2twg4LaOYau8hImgBwWXLuIwcz4AvTA_ixhKXpcpikMRJ63iUYjf99O9HIxYx32tbWTtJKVk3JBsJzUmQ1FhS523yXDrOq0cSaMb69hoE_dgGcl7j6qB3x8cTz2M:1qAmfU:CzZV2qEBXR7Mqq1G2nSzO5bdLqbU2n1lnvHpBMdVqFo",
      "expire_date": "2023-07-02T07:17:48.436Z"
   }
},
{
   "model": "sessions.session",
   "pk": "6y1p10y0uv9wgj22vrbr3q4qu7ruo0nd",
   "fields": {
      "session_data": ".eJxVjDsOwyAQRO9CHSF-BpMyvc-AFnYJTiKQjF1FuXtsyUVSjTTvzbxZgG0tYeu0hBnZlUl2-e0ipCfVA-AD6r3x1Oq6zJEfCj9p51NDet1O9--gQC_7WplIygrMWduUjRcKssYoYUTvTNY0Wq-kRaHVYCxppeMeJCI650AO7PMF5ik3oA:1q0QqE:TDtEsgcrEiuGNpU6MvDEd9x6Xe7uOOhpKU-_g91Dsc0",
      "expire_date": "2023-06-03T17:58:06.384Z"
   }
},
{
   "model": "sessions.session",
   "pk": "71o8zckku9onvrbi21m8zeeclc0motkh",
   "fields": {
      "session_data": ".eJxVjDsOwyAQRO9CHSF-BpMyvc-AFnYJTiKQjF1FuXtsyUVSjTTvzbxZgG0tYeu0hBnZlUl2-e0ipCfVA-AD6r3x1Oq6zJEfCj9p51NDet1O9--gQC_7WplIygrMWduUjRcKssYoYUTvTNY0Wq-kRaHVYCxppeMeJCI650AO7PMF5ik3oA:1q0Qwa:JW7cdfC5W-iPFPVjUidbLXa6wQGUhh3gl0fFb8mBDsA",
      "expire_date": "2023-06-03T18:04:40.248Z"
   }
},
{
   "model": "sessions.session",
   "pk": "7j9j6fd3qyuw3lbakkhy6vqmw87ifbbm",
   "fields": {
      "session_data": "eyJzZXNzaW9uX2tleSI6MTIzfQ:1qAa8q:H6z-2xkwBKyIVWxsk-0FkjxiMUwgA5PL5LaiNFrhF_U",
      "expire_date": "2023-07-01T17:55:16.598Z"
   }
},
{
   "model": "sessions.session",
   "pk": "cuxosfp8kz4he7fjexr1r7pmon693s1d",
   "fields": {
      "session_data": ".eJxVjDsOgzAQRO-ydWT5hw2U6XMGa82uAyGyJQxFFOXuAYmGaqR5b-YLlWudSg4zf6BX2twg4LaOYau8hImgBwWXLuIwcz4AvTA_ixhKXpcpikMRJ63iUYjf99O9HIxYx32tbWTtJKVk3JBsJzUmQ1FhS523yXDrOq0cSaMb69hoE_dgGcl7j6qB3x8cTz2M:1qERh3:S_jVEakdDtjPxmO7vdGhPNOCQ8lnW0kq-UCuw50VbWs",
      "expire_date": "2023-07-12T09:42:33.768Z"
   }
},
{
   "model": "sessions.session",
   "pk": "d6webksbj8g72kidrkq2g38e0j0vizv3",
   "fields": {
      "session_data": ".eJxVjDsOwyAQRO9CHSF-BpMyvc-AFnYJTiKQjF1FuXtsyUVSjTTvzbxZgG0tYeu0hBnZlUl2-e0ipCfVA-AD6r3x1Oq6zJEfCj9p51NDet1O9--gQC_7WplIygrMWduUjRcKssYoYUTvTNY0Wq-kRaHVYCxppeMeJCI650AO7PMF5ik3oA:1q0Quy:-6JXaXG0LvkUG97agQKfteoViESQ8s2grdAihaDvsr4",
      "expire_date": "2023-06-03T18:03:00.358Z"
   }
},
{
   "model": "sessions.session",
   "pk": "dhptbug90fcgi77clcido52u2qhjf5y2",
   "fields": {
      "session_data": ".eJxVjDsOwyAQRO9CHSF-BpMyvc-AFnYJTiKQjF1FuXtsyUVSjTTvzbxZgG0tYeu0hBnZlUl2-e0ipCfVA-AD6r3x1Oq6zJEfCj9p51NDet1O9--gQC_7WplIygrMWduUjRcKssYoYUTvTNY0Wq-kRaHVYCxppeMeJCI650AO7PMF5ik3oA:1qEwBn:Y86u7NLThu0B34lDWxDTKLgbBVzlQFirFFRgZksJRYQ",
      "expire_date": "2023-07-13T18:16:19.507Z"
   }
},
{
   "model": "sessions.session",
   "pk": "eymo8ohautj6sn1kfnc7jiiz94a6gwzu",
   "fields": {
      "session_data": ".eJxVjDsOgzAQRO-ydWT5hw2U6XMGa82uAyGyJQxFFOXuAYmGaqR5b-YLlWudSg4zf6BX2twg4LaOYau8hImgBwWXLuIwcz4AvTA_ixhKXpcpikMRJ63iUYjf99O9HIxYx32tbWTtJKVk3JBsJzUmQ1FhS523yXDrOq0cSaMb69hoE_dgGcl7j6qB3x8cTz2M:1qESYV:qQ1GB52Y5s_ZWIhzIhCPLt1efW5Ocr6GfAHN02TLZw0",
      "expire_date": "2023-07-12T10:37:47.124Z"
   }
},
{
   "model": "sessions.session",
   "pk": "fep5w6k6e0i19q0adr9toivz6uvxmqsa",
   "fields": {
      "session_data": ".eJxVjDsOgzAQRO-ydWT5hw2U6XMGa82uAyGyJQxFFOXuAYmGaqR5b-YLlWudSg4zf6BX2twg4LaOYau8hImgBwWXLuIwcz4AvTA_ixhKXpcpikMRJ63iUYjf99O9HIxYx32tbWTtJKVk3JBsJzUmQ1FhS523yXDrOq0cSaMb69hoE_dgGcl7j6qB3x8cTz2M:1qEwF4:nYtordPljgloEG40D1MMhTJt-dTM0CRHEIo53x00M98",
      "expire_date": "2023-07-13T18:19:42.661Z"
   }
},
{
   "model": "sessions.session",
   "pk": "furle6vjk8vw4ueolnklcgr0lvgdds1a",
   "fields": {
      "session_data": "eyJzZXNzaW9uX2tleSI6MTIzfQ:1qEDWU:RFQ4fGQOuFWl85H8hHpwKRu4FgqDbW-9PJWlwRTufmw",
      "expire_date": "2023-07-11T18:34:42.431Z"
   }
},
{
   "model": "sessions.session",
   "pk": "gd95c94bwixv2ja6knhbhkkftct3brko",
   "fields": {
      "session_data": ".eJxVjDsOwyAQRO9CHSF-BpMyvc-AFnYJTiKQjF1FuXtsyUVSjTTvzbxZgG0tYeu0hBnZlUl2-e0ipCfVA-AD6r3x1Oq6zJEfCj9p51NDet1O9--gQC_7WplIygrMWduUjRcKssYoYUTvTNY0Wq-kRaHVYCxppeMeJCI650AO7PMF5ik3oA:1q0R3u:84o1Y8qdJPt-_403n3OFih3wvKJquDkEmnpLDosAlxk",
      "expire_date": "2023-06-03T18:12:14.131Z"
   }
},
{
   "model": "sessions.session",
   "pk": "ghmmla8q5uxxpoerwst75isgjng1bavh",
   "fields": {
      "session_data": "eyJzZXNzaW9uX2tleSI6MTIzfQ:1q8QEX:D_eheF7PWSTRqvXANduK5vFuWrO8G0HinUklUezG3Ig",
      "expire_date": "2023-06-25T18:56:13.550Z"
   }
},
{
   "model": "sessions.session",
   "pk": "gnqgb2fwu3h2pfug6hfjfsrcrkynozzv",
   "fields": {
      "session_data": ".eJxVjDsOwyAQRO9CHSF-BpMyvc-AFnYJTiKQjF1FuXtsyUVSjTTvzbxZgG0tYeu0hBnZlUl2-e0ipCfVA-AD6r3x1Oq6zJEfCj9p51NDet1O9--gQC_7WplIygrMWduUjRcKssYoYUTvTNY0Wq-kRaHVYCxppeMeJCI650AO7PMF5ik3oA:1q0R0t:OObRo_BRllcazQpVfEjvtTySsakwAfcV3SPLM3KQOLU",
      "expire_date": "2023-06-03T18:09:07.104Z"
   }
},
{
   "model": "sessions.session",
   "pk": "iev86f49y6jx4xtbkx369munvknv3o1n",
   "fields": {
      "session_data": "eyJzZXNzaW9uX2tleSI6MTIzfQ:1qAaNs:wev6y1Ts7atIpTb56fFO8Mw1uFKmFczE5tED0hgNKUM",
      "expire_date": "2023-07-01T18:10:48.163Z"
   }
},
{
   "model": "sessions.session",
   "pk": "lr5izx8bdcszy2bdhpeug2k4e5vjmnrd",
   "fields": {
      "session_data": ".eJxVjDsOwyAQRO9CHSF-BpMyvc-AFnYJTiKQjF1FuXtsyUVSjTTvzbxZgG0tYeu0hBnZlUl2-e0ipCfVA-AD6r3x1Oq6zJEfCj9p51NDet1O9--gQC_7WplIygrMWduUjRcKssYoYUTvTNY0Wq-kRaHVYCxppeMeJCI650AO7PMF5ik3oA:1q04kz:bve9I0G8wNmWpggTuxU8LjThOP0HY8EqBjJo5CnFa-g",
      "expire_date": "2023-06-02T18:23:13.800Z"
   }
},
{
   "model": "sessions.session",
   "pk": "mp5hj0f998txfnt75ozznr9gn8cstpfl",
   "fields": {
      "session_data": ".eJxVjDsOwyAQRO9CHSF-BpMyvc-AFnYJTiKQjF1FuXtsyUVSjTTvzbxZgG0tYeu0hBnZlUl2-e0ipCfVA-AD6r3x1Oq6zJEfCj9p51NDet1O9--gQC_7WplIygrMWduUjRcKssYoYUTvTNY0Wq-kRaHVYCxppeMeJCI650AO7PMF5ik3oA:1q5sxa:XJA5qhQvsYRKq2GqbVqtWoHzCtSih3S2i6Aw27JG_I0",
      "expire_date": "2023-06-18T19:00:14.096Z"
   }
},
{
   "model": "sessions.session",
   "pk": "mq6shoabm85un0ruvxo1x8i5nixop3y8",
   "fields": {
      "session_data": "eyJzZXNzaW9uX2tleSI6MTIzfQ:1qEELO:emj02ws2oarhjSnS4GzbaeLzQf-LhocxhHExqhu5B6Y",
      "expire_date": "2023-07-11T19:27:18.963Z"
   }
},
{
   "model": "sessions.session",
   "pk": "o6ztlv3ib15kaucchkye74x5x7rninzs",
   "fields": {
      "session_data": "eyJzZXNzaW9uX2tleSI6MTIzfQ:1qAm3K:hyISeZcGmRKyheO5fl5uatYHATtcYm3odwUIDXcIJBU",
      "expire_date": "2023-07-02T06:38:22.372Z"
   }
},
{
   "model": "sessions.session",
   "pk": "pnlwmeo41sscwtti6sskybog4pmnu3dp",
   "fields": {
      "session_data": ".eJxVjDsOwyAQRO9CHSF-BpMyvc-AFnYJTiKQjF1FuXtsyUVSjTTvzbxZgG0tYeu0hBnZlUl2-e0ipCfVA-AD6r3x1Oq6zJEfCj9p51NDet1O9--gQC_7WplIygrMWduUjRcKssYoYUTvTNY0Wq-kRaHVYCxppeMeJCI650AO7PMF5ik3oA:1q0R5H:OzFdB9OOcQxSQxaUnE9oBpH23HOG1HLL15a2ZlhP4Hw",
      "expire_date": "2023-06-03T18:13:39.125Z"
   }
},
{
   "model": "sessions.session",
   "pk": "ps00oc2aa22aopp1jb42urnho9h8eiu9",
   "fields": {
      "session_data": "eyJzZXNzaW9uX2tleSI6MTIzfQ:1qAloO:L0La8K9-C5wlAbDgCGAgGg6DVpwAUnRjs_c2IZ9Wbz8",
      "expire_date": "2023-07-02T06:22:56.300Z"
   }
},
{
   "model": "sessions.session",
   "pk": "qh6eslnv650cnlnp8i1tw7hx9n2ecjo1",
   "fields": {
      "session_data": "eyJzZXNzaW9uX2tleSI6MTIzfQ:1qEZZT:kjSxft3X_Ct0rHQA9w2g_UVf0KS0zoJRZj3SjsG_Snc",
      "expire_date": "2023-07-12T18:07:15.231Z"
   }
},
{
   "model": "sessions.session",
   "pk": "qot743nkevj2f5w6jdn5h0jp9y8kjjbi",
   "fields": {
      "session_data": "e30:1q2zk8:R1hP2sZlhbtN8ZgUrGa358xF9Ehly2jTiKeiDgNaHqw",
      "expire_date": "2023-06-10T19:38:24.239Z"
   }
},
{
   "model": "sessions.session",
   "pk": "tif9g6cc7sw05u3niyx8nry6tty0c60g",
   "fields": {
      "session_data": "eyJzZXNzaW9uX2tleSI6MTIzfQ:1qEDTe:N8iS5FqFagnu5BzyN1k3EW-dCkSWHFQuyZKU2z2wIhI",
      "expire_date": "2023-07-11T18:31:46.145Z"
   }
},
{
   "model": "sessions.session",
   "pk": "tq70hr3xdogdpy6yumhmz32eb4wk208o",
   "fields": {
      "session_data": ".eJxVjDsOwyAQRO9CHSF-BpMyvc-AFnYJTiKQjF1FuXtsyUVSjTTvzbxZgG0tYeu0hBnZlUl2-e0ipCfVA-AD6r3x1Oq6zJEfCj9p51NDet1O9--gQC_7WplIygrMWduUjRcKssYoYUTvTNY0Wq-kRaHVYCxppeMeJCI650AO7PMF5ik3oA:1q05zC:irsSm9lRJA6WuBhzuaeIYNbk69ZOcNN9tPmLHpcGAwM",
      "expire_date": "2023-06-02T19:41:58.350Z"
   }
},
{
   "model": "sessions.session",
   "pk": "u8wr7pfxieil5i93u5msgd4d1obr9yup",
   "fields": {
      "session_data": ".eJxVjDsOwyAQRO9CHSF-BpMyvc-AFnYJTiKQjF1FuXtsyUVSjTTvzbxZgG0tYeu0hBnZlUl2-e0ipCfVA-AD6r3x1Oq6zJEfCj9p51NDet1O9--gQC_7WplIygrMWduUjRcKssYoYUTvTNY0Wq-kRaHVYCxppeMeJCI650AO7PMF5ik3oA:1q5t2H:QMLH_vp0jsG7E17bhk4JVDkL8QBxrnqky_uTdHTzq4E",
      "expire_date": "2023-06-18T19:05:05.351Z"
   }
},
{
   "model": "sessions.session",
   "pk": "uj54wr6lu57m8z1pfwcuebgk28ol9nig",
   "fields": {
      "session_data": "e30:1q5svf:RnphT-4B4buqtNGcBMZzJumq-5X1sOtjsjG9wta2KpA",
      "expire_date": "2023-06-18T18:58:15.475Z"
   }
},
{
   "model": "sessions.session",
   "pk": "umqrmohgs6f066rprsaxy5d2srza7169",
   "fields": {
      "session_data": ".eJxVjDsOwyAQRO9CHSF-BpMyvc-AFnYJTiKQjF1FuXtsyUVSjTTvzbxZgG0tYeu0hBnZlUl2-e0ipCfVA-AD6r3x1Oq6zJEfCj9p51NDet1O9--gQC_7WplIygrMWduUjRcKssYoYUTvTNY0Wq-kRaHVYCxppeMeJCI650AO7PMF5ik3oA:1q0QyC:EGfPMi2PHFPAIBvYpklA3v0HL-5DHCvej_tTOLOTq20",
      "expire_date": "2023-06-03T18:06:20.158Z"
   }
},
{
   "model": "sessions.session",
   "pk": "yqj9fw4iw3utsyd4tu5jixdiog7mq9vo",
   "fields": {
      "session_data": ".eJxVjDsOwyAQRO9CHSF-BpMyvc-AFnYJTiKQjF1FuXtsyUVSjTTvzbxZgG0tYeu0hBnZlUl2-e0ipCfVA-AD6r3x1Oq6zJEfCj9p51NDet1O9--gQC_7WplIygrMWduUjRcKssYoYUTvTNY0Wq-kRaHVYCxppeMeJCI650AO7PMF5ik3oA:1q2Fkx:KPHGcL85sgNnFzrxUOuZIAvaGo27Ng4kw8GYhwRHsWo",
      "expire_date": "2023-06-08T18:32:11.052Z"
   }
},
{
   "model": "sessions.session",
   "pk": "yzkml6fwamuojv7sye11p5otpz2uygvd",
   "fields": {
      "session_data": "e30:1q3Lan:Mp4lUHGIkJiP0lbWD79tERBmxu2_iHbhw3a7aZjBHeA",
      "expire_date": "2023-06-11T18:58:13.400Z"
   }
},
{
   "model": "orders.status",
   "pk": 1,
   "fields": {
      "name": "Новый",
      "is_active": true,
      "created": "2023-05-20T18:19:28.826Z",
      "updated": "2023-05-20T18:19:28.826Z"
   }
},
{
   "model": "orders.status",
   "pk": 2,
   "fields": {
      "name": "Отменён",
      "is_active": true,
      "created": "2023-05-20T18:19:48.301Z",
      "updated": "2023-05-20T18:19:48.302Z"
   }
},
{
   "model": "orders.status",
   "pk": 3,
   "fields": {
      "name": "В работе",
      "is_active": true,
      "created": "2023-05-20T18:20:03.325Z",
      "updated": "2023-05-20T18:20:03.325Z"
   }
},
{
   "model": "orders.status",
   "pk": 4,
   "fields": {
      "name": "Выполнен",
      "is_active": true,
      "created": "2023-05-20T18:20:11.445Z",
      "updated": "2023-05-20T18:20:11.445Z"
   }
},
{
   "model": "orders.order",
   "pk": 1,
   "fields": {
      "user": null,
      "total_price": "0.00",
      "customer_name": null,
      "customer_email": null,
      "customer_phone": null,
      "customer_address": null,
      "comments": "",
      "status": 1,
      "created": "2023-05-20T18:21:04.649Z",
      "updated": "2023-05-20T18:21:04.653Z"
   }
},
{
   "model": "orders.order",
   "pk": 2,
   "fields": {
      "user": null,
      "total_price": "161800.00",
      "customer_name": null,
      "customer_email": null,
      "customer_phone": null,
      "customer_address": null,
      "comments": "",
      "status": 1,
      "created": "2023-05-20T18:56:19.989Z",
      "updated": "2023-05-20T18:56:19.993Z"
   }
},
{
   "model": "orders.order",
   "pk": 3,
   "fields": {
      "user": null,
      "total_price": "222900.00",
      "customer_name": null,
      "customer_email": null,
      "customer_phone": null,
      "customer_address": null,
      "comments": "",
      "status": 3,
      "created": "2023-05-20T19:02:57.917Z",
      "updated": "2023-05-20T19:04:50.291Z"
   }
},
{
   "model": "orders.order",
   "pk": 4,
   "fields": {
      "user": 2,
      "total_price": "0.00",
      "customer_name": "Гога",
      "customer_email": "difiser228@pixiil.com",
      "customer_phone": "13413413",
      "customer_address": null,
      "comments": null,
      "status": 1,
      "created": "2023-06-28T09:45:56.709Z",
      "updated": "2023-06-28T09:45:56.709Z"
   }
},
{
   "model": "orders.order",
   "pk": 5,
   "fields": {
      "user": 3,
      "total_price": "0.00",
      "customer_name": "Тест",
      "customer_email": "wwtet@serh.gf",
      "customer_phone": "234234234",
      "customer_address": null,
      "comments": null,
      "status": 1,
      "created": "2023-06-28T09:49:46.336Z",
      "updated": "2023-06-28T09:49:46.336Z"
   }
},
{
   "model": "orders.order",
   "pk": 6,
   "fields": {
      "user": 4,
      "total_price": "0.00",
      "customer_name": "Тест2",
      "customer_email": "wwtet@serh.gf",
      "customer_phone": "233223",
      "customer_address": null,
      "comments": null,
      "status": 1,
      "created": "2023-06-28T09:52:37.591Z",
      "updated": "2023-06-28T09:52:37.591Z"
   }
},
{
   "model": "orders.order",
   "pk": 7,
   "fields": {
      "user": 4,
      "total_price": "50000.12",
      "customer_name": "Тест2",
      "customer_email": "wwtet@serh.gf",
      "customer_phone": "233223",
      "customer_address": null,
      "comments": null,
      "status": 1,
      "created": "2023-06-28T10:03:48.542Z",
      "updated": "2023-06-28T10:03:48.557Z"
   }
},
{
   "model": "orders.order",
   "pk": 8,
   "fields": {
      "user": 4,
      "total_price": "50000.12",
      "customer_name": "Тест2",
      "customer_email": "wwtet@serh.gf",
      "customer_phone": "233223",
      "customer_address": null,
      "comments": null,
      "status": 1,
      "created": "2023-06-28T10:05:43.687Z",
      "updated": "2023-06-28T10:05:43.705Z"
   }
},
{
   "model": "orders.order",
   "pk": 9,
   "fields": {
      "user": 4,
      "total_price": "50000.12",
      "customer_name": "Тест2",
      "customer_email": "wwtet@serh.gf",
      "customer_phone": "233223",
      "customer_address": null,
      "comments": null,
      "status": 1,
      "created": "2023-06-28T10:14:27.671Z",
      "updated": "2023-06-28T10:14:27.693Z"
   }
},
{
   "model": "orders.order",
   "pk": 10,
   "fields": {
      "user": 4,
      "total_price": "50000.12",
      "customer_name": "Тест2",
      "customer_email": "wwtet@serh.gf",
      "customer_phone": "233223",
      "customer_address": null,
      "comments": null,
      "status": 1,
      "created": "2023-06-28T10:15:35.545Z",
      "updated": "2023-06-28T10:15:35.563Z"
   }
},
{
   "model": "orders.order",
   "pk": 11,
   "fields": {
      "user": 4,
      "total_price": "50000.12",
      "customer_name": "Тест2",
      "customer_email": "wwtet@serh.gf",
      "customer_phone": "233223",
      "customer_address": null,
      "comments": null,
      "status": 1,
      "created": "2023-06-28T10:15:46.077Z",
      "updated": "2023-06-28T10:15:46.093Z"
   }
},
{
   "model": "orders.order",
   "pk": 12,
   "fields": {
      "user": 4,
      "total_price": "50000.12",
      "customer_name": "Тест2",
      "customer_email": "wwtet@serh.gf",
      "customer_phone": "233223",
      "customer_address": null,
      "comments": null,
      "status": 1,
      "created": "2023-06-28T10:15:59.346Z",
      "updated": "2023-06-28T10:15:59.363Z"
   }
},
{
   "model": "orders.order",
   "pk": 13,
   "fields": {
      "user": 4,
      "total_price": "50000.12",
      "customer_name": "Тест2",
      "customer_email": "wwtet@serh.gf",
      "customer_phone": "233223",
      "customer_address": null,
      "comments": null,
      "status": 1,
      "created": "2023-06-28T10:17:52.219Z",
      "updated": "2023-06-28T10:17:52.237Z"
   }
},
{
   "model": "orders.order",
   "pk": 14,
   "fields": {
      "user": 5,
      "total_price": "75000.18",
      "customer_name": "test",
      "customer_email": "cuzzza@mail.ru",
      "customer_phone": "7987986",
      "customer_address": null,
      "comments": null,
      "status": 1,
      "created": "2023-06-28T10:39:24.857Z",
      "updated": "2023-06-28T10:39:24.871Z"
   }
},
{
   "model": "orders.order",
   "pk": 15,
   "fields": {
      "user": 5,
      "total_price": "75000.18",
      "customer_name": "test",
      "customer_email": "cuzzza@mail.ru",
      "customer_phone": "7987986",
      "customer_address": null,
      "comments": null,
      "status": 1,
      "created": "2023-06-28T17:41:30.018Z",
      "updated": "2023-06-28T17:41:30.043Z"
   }
},
{
   "model": "orders.order",
   "pk": 16,
   "fields": {
      "user": 5,
      "total_price": "75000.18",
      "customer_name": "test",
      "customer_email": "cuzzza@mail.ru",
      "customer_phone": "7987986",
      "customer_address": null,
      "comments": null,
      "status": 1,
      "created": "2023-06-28T17:41:38.278Z",
      "updated": "2023-06-28T17:41:38.296Z"
   }
},
{
   "model": "orders.order",
   "pk": 17,
   "fields": {
      "user": 5,
      "total_price": "75000.18",
      "customer_name": "test",
      "customer_email": "cuzzza@mail.ru",
      "customer_phone": "7987986",
      "customer_address": null,
      "comments": null,
      "status": 1,
      "created": "2023-06-28T17:41:39.544Z",
      "updated": "2023-06-28T17:41:39.560Z"
   }
},
{
   "model": "orders.order",
   "pk": 18,
   "fields": {
      "user": 5,
      "total_price": "75000.18",
      "customer_name": "test",
      "customer_email": "cuzzza@mail.ru",
      "customer_phone": "7987986",
      "customer_address": null,
      "comments": null,
      "status": 1,
      "created": "2023-06-28T17:45:51.954Z",
      "updated": "2023-06-28T17:45:51.971Z"
   }
},
{
   "model": "orders.order",
   "pk": 19,
   "fields": {
      "user": 5,
      "total_price": "75000.18",
      "customer_name": "test",
      "customer_email": "cuzzza@mail.ru",
      "customer_phone": "7987986",
      "customer_address": null,
      "comments": null,
      "status": 1,
      "created": "2023-06-28T17:48:04.959Z",
      "updated": "2023-06-28T17:48:04.975Z"
   }
},
{
   "model": "orders.order",
   "pk": 20,
   "fields": {
      "user": 5,
      "total_price": "75000.18",
      "customer_name": "test",
      "customer_email": "cuzzza@mail.ru",
      "customer_phone": "7987986",
      "customer_address": null,
      "comments": null,
      "status": 1,
      "created": "2023-06-28T17:49:10.846Z",
      "updated": "2023-06-28T17:49:10.864Z"
   }
},
{
   "model": "orders.order",
   "pk": 21,
   "fields": {
      "user": 5,
      "total_price": "75000.18",
      "customer_name": "test",
      "customer_email": "cuzzza@mail.ru",
      "customer_phone": "7987986",
      "customer_address": null,
      "comments": null,
      "status": 1,
      "created": "2023-06-28T17:52:53.920Z",
      "updated": "2023-06-28T17:52:53.938Z"
   }
},
{
   "model": "orders.order",
   "pk": 22,
   "fields": {
      "user": 5,
      "total_price": "75000.18",
      "customer_name": "test",
      "customer_email": "cuzzza@mail.ru",
      "customer_phone": "7987986",
      "customer_address": null,
      "comments": null,
      "status": 1,
      "created": "2023-06-28T17:53:07.688Z",
      "updated": "2023-06-28T17:53:07.706Z"
   }
},
{
   "model": "orders.order",
   "pk": 23,
   "fields": {
      "user": 5,
      "total_price": "75000.18",
      "customer_name": "test",
      "customer_email": "cuzzza@mail.ru",
      "customer_phone": "7987986",
      "customer_address": null,
      "comments": null,
      "status": 1,
      "created": "2023-06-28T17:54:47.064Z",
      "updated": "2023-06-28T17:54:47.080Z"
   }
},
{
   "model": "orders.order",
   "pk": 24,
   "fields": {
      "user": 5,
      "total_price": "75000.18",
      "customer_name": "test",
      "customer_email": "cuzzza@mail.ru",
      "customer_phone": "7987986",
      "customer_address": null,
      "comments": null,
      "status": 1,
      "created": "2023-06-28T17:56:48.160Z",
      "updated": "2023-06-28T17:56:48.177Z"
   }
},
{
   "model": "orders.order",
   "pk": 25,
   "fields": {
      "user": 5,
      "total_price": "75000.18",
      "customer_name": "test",
      "customer_email": "cuzzza@mail.ru",
      "customer_phone": "7987986",
      "customer_address": null,
      "comments": null,
      "status": 1,
      "created": "2023-06-28T17:57:46.207Z",
      "updated": "2023-06-28T17:57:46.223Z"
   }
},
{
   "model": "orders.order",
   "pk": 26,
   "fields": {
      "user": 5,
      "total_price": "75000.18",
      "customer_name": "test",
      "customer_email": "cuzzza@mail.ru",
      "customer_phone": "7987986",
      "customer_address": null,
      "comments": null,
      "status": 1,
      "created": "2023-06-28T17:59:23.239Z",
      "updated": "2023-06-28T17:59:23.257Z"
   }
},
{
   "model": "orders.order",
   "pk": 27,
   "fields": {
      "user": 5,
      "total_price": "75000.18",
      "customer_name": "test",
      "customer_email": "cuzzza@mail.ru",
      "customer_phone": "7987986",
      "customer_address": null,
      "comments": null,
      "status": 1,
      "created": "2023-06-28T18:02:42.107Z",
      "updated": "2023-06-28T18:02:42.126Z"
   }
},
{
   "model": "orders.order",
   "pk": 28,
   "fields": {
      "user": 5,
      "total_price": "75000.18",
      "customer_name": "test",
      "customer_email": "cuzzza@mail.ru",
      "customer_phone": "7987986",
      "customer_address": null,
      "comments": null,
      "status": 1,
      "created": "2023-06-28T18:03:55.160Z",
      "updated": "2023-06-28T18:03:55.177Z"
   }
},
{
   "model": "orders.order",
   "pk": 29,
   "fields": {
      "user": 5,
      "total_price": "75000.18",
      "customer_name": "test",
      "customer_email": "cuzzza@mail.ru",
      "customer_phone": "7987986",
      "customer_address": null,
      "comments": null,
      "status": 1,
      "created": "2023-06-28T18:06:15.093Z",
      "updated": "2023-06-28T18:06:15.110Z"
   }
},
{
   "model": "orders.order",
   "pk": 30,
   "fields": {
      "user": 6,
      "total_price": "110000.25",
      "customer_name": "test",
      "customer_email": "asfasfasf@rgewrgf.ftyjhf",
      "customer_phone": "121123",
      "customer_address": null,
      "comments": null,
      "status": 1,
      "created": "2023-06-28T18:33:00.085Z",
      "updated": "2023-06-28T18:33:00.101Z"
   }
},
{
   "model": "orders.order",
   "pk": 31,
   "fields": {
      "user": 2,
      "total_price": "137000.16",
      "customer_name": "Гога",
      "customer_email": "ffaaeerr111@gmail.com",
      "customer_phone": "13413413",
      "customer_address": null,
      "comments": null,
      "status": 1,
      "created": "2023-06-28T19:05:13.470Z",
      "updated": "2023-06-28T19:05:13.502Z"
   }
},
{
   "model": "orders.order",
   "pk": 32,
   "fields": {
      "user": 2,
      "total_price": "137000.16",
      "customer_name": "Гога",
      "customer_email": "ffaaeerr111@gmail.com",
      "customer_phone": "13413413",
      "customer_address": null,
      "comments": null,
      "status": 1,
      "created": "2023-06-28T19:06:42.234Z",
      "updated": "2023-06-28T19:06:42.266Z"
   }
},
{
   "model": "orders.order",
   "pk": 33,
   "fields": {
      "user": 2,
      "total_price": "137000.16",
      "customer_name": "Гога",
      "customer_email": "ffaaeerr111@gmail.com",
      "customer_phone": "13413413",
      "customer_address": null,
      "comments": null,
      "status": 1,
      "created": "2023-06-28T19:06:43.536Z",
      "updated": "2023-06-28T19:06:43.565Z"
   }
},
{
   "model": "orders.order",
   "pk": 34,
   "fields": {
      "user": 2,
      "total_price": "137000.16",
      "customer_name": "Гога",
      "customer_email": "ffaaeerr111@gmail.com",
      "customer_phone": "13413413",
      "customer_address": null,
      "comments": null,
      "status": 1,
      "created": "2023-06-28T19:07:04.561Z",
      "updated": "2023-06-28T19:07:04.591Z"
   }
},
{
   "model": "orders.order",
   "pk": 35,
   "fields": {
      "user": 2,
      "total_price": "137000.16",
      "customer_name": "Гога",
      "customer_email": "ffaaeerr111@gmail.com",
      "customer_phone": "13413413",
      "customer_address": null,
      "comments": null,
      "status": 1,
      "created": "2023-06-28T19:07:05.785Z",
      "updated": "2023-06-28T19:07:05.812Z"
   }
},
{
   "model": "orders.order",
   "pk": 36,
   "fields": {
      "user": 2,
      "total_price": "137000.16",
      "customer_name": "Гога",
      "customer_email": "ffaaeerr111@gmail.com",
      "customer_phone": "13413413",
      "customer_address": null,
      "comments": null,
      "status": 1,
      "created": "2023-06-28T19:07:09.169Z",
      "updated": "2023-06-28T19:07:09.198Z"
   }
},
{
   "model": "orders.order",
   "pk": 37,
   "fields": {
      "user": 2,
      "total_price": "137000.16",
      "customer_name": "Гога",
      "customer_email": "ffaaeerr111@gmail.com",
      "customer_phone": "13413413",
      "customer_address": null,
      "comments": null,
      "status": 1,
      "created": "2023-06-28T19:07:10.115Z",
      "updated": "2023-06-28T19:07:10.146Z"
   }
},
{
   "model": "orders.order",
   "pk": 38,
   "fields": {
      "user": 2,
      "total_price": "137000.16",
      "customer_name": "Гога",
      "customer_email": "ffaaeerr111@gmail.com",
      "customer_phone": "13413413",
      "customer_address": null,
      "comments": null,
      "status": 1,
      "created": "2023-06-28T19:07:38.850Z",
      "updated": "2023-06-28T19:07:38.881Z"
   }
},
{
   "model": "orders.order",
   "pk": 39,
   "fields": {
      "user": 2,
      "total_price": "137000.16",
      "customer_name": "Гога",
      "customer_email": "ffaaeerr111@gmail.com",
      "customer_phone": "13413413",
      "customer_address": null,
      "comments": null,
      "status": 1,
      "created": "2023-06-28T19:08:44.762Z",
      "updated": "2023-06-28T19:08:44.794Z"
   }
},
{
   "model": "orders.order",
   "pk": 40,
   "fields": {
      "user": 2,
      "total_price": "137000.16",
      "customer_name": "Гога",
      "customer_email": "ffaaeerr111@gmail.com",
      "customer_phone": "13413413",
      "customer_address": null,
      "comments": null,
      "status": 1,
      "created": "2023-06-28T19:08:45.626Z",
      "updated": "2023-06-28T19:08:45.658Z"
   }
},
{
   "model": "orders.order",
   "pk": 41,
   "fields": {
      "user": 2,
      "total_price": "137000.16",
      "customer_name": "Гога",
      "customer_email": "ffaaeerr111@gmail.com",
      "customer_phone": "13413413",
      "customer_address": null,
      "comments": null,
      "status": 1,
      "created": "2023-06-28T19:08:46.613Z",
      "updated": "2023-06-28T19:08:46.643Z"
   }
},
{
   "model": "orders.order",
   "pk": 42,
   "fields": {
      "user": 2,
      "total_price": "137000.16",
      "customer_name": "Гога",
      "customer_email": "ffaaeerr111@gmail.com",
      "customer_phone": "13413413",
      "customer_address": null,
      "comments": null,
      "status": 1,
      "created": "2023-06-28T19:08:47.394Z",
      "updated": "2023-06-28T19:08:47.426Z"
   }
},
{
   "model": "orders.order",
   "pk": 43,
   "fields": {
      "user": 2,
      "total_price": "137000.16",
      "customer_name": "Гога",
      "customer_email": "ffaaeerr111@gmail.com",
      "customer_phone": "13413413",
      "customer_address": null,
      "comments": null,
      "status": 1,
      "created": "2023-06-28T19:09:37.851Z",
      "updated": "2023-06-28T19:09:37.879Z"
   }
},
{
   "model": "orders.order",
   "pk": 44,
   "fields": {
      "user": 2,
      "total_price": "137000.16",
      "customer_name": "Гога",
      "customer_email": "ffaaeerr111@gmail.com",
      "customer_phone": "13413413",
      "customer_address": null,
      "comments": null,
      "status": 1,
      "created": "2023-06-28T19:09:38.723Z",
      "updated": "2023-06-28T19:09:38.753Z"
   }
},
{
   "model": "orders.order",
   "pk": 45,
   "fields": {
      "user": 2,
      "total_price": "137000.16",
      "customer_name": "Гога",
      "customer_email": "ffaaeerr111@gmail.com",
      "customer_phone": "13413413",
      "customer_address": null,
      "comments": null,
      "status": 1,
      "created": "2023-06-28T19:09:39.499Z",
      "updated": "2023-06-28T19:09:39.531Z"
   }
},
{
   "model": "orders.order",
   "pk": 46,
   "fields": {
      "user": 2,
      "total_price": "137000.16",
      "customer_name": "Гога",
      "customer_email": "ffaaeerr111@gmail.com",
      "customer_phone": "13413413",
      "customer_address": null,
      "comments": null,
      "status": 1,
      "created": "2023-06-28T19:09:40.261Z",
      "updated": "2023-06-28T19:09:40.291Z"
   }
},
{
   "model": "orders.order",
   "pk": 47,
   "fields": {
      "user": 2,
      "total_price": "137000.16",
      "customer_name": "Гога",
      "customer_email": "ffaaeerr111@gmail.com",
      "customer_phone": "13413413",
      "customer_address": null,
      "comments": null,
      "status": 1,
      "created": "2023-06-28T19:09:40.936Z",
      "updated": "2023-06-28T19:09:40.967Z"
   }
},
{
   "model": "orders.order",
   "pk": 48,
   "fields": {
      "user": 2,
      "total_price": "137000.16",
      "customer_name": "Гога",
      "customer_email": "ffaaeerr111@gmail.com",
      "customer_phone": "13413413",
      "customer_address": null,
      "comments": null,
      "status": 1,
      "created": "2023-06-28T19:09:41.431Z",
      "updated": "2023-06-28T19:09:41.461Z"
   }
},
{
   "model": "orders.order",
   "pk": 49,
   "fields": {
      "user": 2,
      "total_price": "137000.16",
      "customer_name": "Гога",
      "customer_email": "ffaaeerr111@gmail.com",
      "customer_phone": "13413413",
      "customer_address": null,
      "comments": null,
      "status": 1,
      "created": "2023-06-28T19:09:41.745Z",
      "updated": "2023-06-28T19:09:41.774Z"
   }
},
{
   "model": "orders.order",
   "pk": 50,
   "fields": {
      "user": 2,
      "total_price": "137000.16",
      "customer_name": "Гога",
      "customer_email": "ffaaeerr111@gmail.com",
      "customer_phone": "13413413",
      "customer_address": null,
      "comments": null,
      "status": 1,
      "created": "2023-06-28T19:09:42.096Z",
      "updated": "2023-06-28T19:09:42.123Z"
   }
},
{
   "model": "orders.order",
   "pk": 51,
   "fields": {
      "user": 2,
      "total_price": "137000.16",
      "customer_name": "Гога",
      "customer_email": "ffaaeerr111@gmail.com",
      "customer_phone": "13413413",
      "customer_address": null,
      "comments": null,
      "status": 1,
      "created": "2023-06-28T19:09:42.520Z",
      "updated": "2023-06-28T19:09:42.546Z"
   }
},
{
   "model": "orders.order",
   "pk": 52,
   "fields": {
      "user": 2,
      "total_price": "137000.16",
      "customer_name": "Гога",
      "customer_email": "ffaaeerr111@gmail.com",
      "customer_phone": "13413413",
      "customer_address": null,
      "comments": null,
      "status": 1,
      "created": "2023-06-29T17:42:32.243Z",
      "updated": "2023-06-29T17:42:32.281Z"
   }
},
{
   "model": "orders.order",
   "pk": 53,
   "fields": {
      "user": 2,
      "total_price": "137000.16",
      "customer_name": "Гога",
      "customer_email": "ffaaeerr111@gmail.com",
      "customer_phone": "13413413",
      "customer_address": null,
      "comments": null,
      "status": 1,
      "created": "2023-06-29T17:43:01.203Z",
      "updated": "2023-06-29T17:43:01.233Z"
   }
},
{
   "model": "orders.order",
   "pk": 54,
   "fields": {
      "user": 2,
      "total_price": "137000.16",
      "customer_name": "Гога",
      "customer_email": "ffaaeerr111@gmail.com",
      "customer_phone": "13413413",
      "customer_address": null,
      "comments": null,
      "status": 1,
      "created": "2023-06-29T17:48:28.471Z",
      "updated": "2023-06-29T17:48:28.499Z"
   }
},
{
   "model": "orders.order",
   "pk": 55,
   "fields": {
      "user": 2,
      "total_price": "137000.16",
      "customer_name": "Гога",
      "customer_email": "ffaaeerr111@gmail.com",
      "customer_phone": "13413413",
      "customer_address": null,
      "comments": null,
      "status": 1,
      "created": "2023-06-29T17:49:52.602Z",
      "updated": "2023-06-29T17:49:52.635Z"
   }
},
{
   "model": "orders.order",
   "pk": 56,
   "fields": {
      "user": 2,
      "total_price": "137000.16",
      "customer_name": "Гога",
      "customer_email": "ffaaeerr111@gmail.com",
      "customer_phone": "13413413",
      "customer_address": null,
      "comments": null,
      "status": 1,
      "created": "2023-06-29T18:15:11.373Z",
      "updated": "2023-06-29T18:15:11.402Z"
   }
},
{
   "model": "orders.order",
   "pk": 57,
   "fields": {
      "user": 2,
      "total_price": "137000.16",
      "customer_name": "Гога",
      "customer_email": "ffaaeerr111@gmail.com",
      "customer_phone": "13413413",
      "customer_address": null,
      "comments": null,
      "status": 1,
      "created": "2023-06-29T18:16:08.315Z",
      "updated": "2023-06-29T18:16:08.343Z"
   }
},
{
   "model": "orders.productinorder",
   "pk": 1,
   "fields": {
      "order": 1,
      "product": 2,
      "nmb": 2,
      "price_per_item": "80900.00",
      "total_price": "161800.00",
      "is_active": true,
      "created": "2023-05-20T18:21:04.654Z",
      "updated": "2023-05-20T18:21:04.654Z"
   }
},
{
   "model": "orders.productinorder",
   "pk": 2,
   "fields": {
      "order": 2,
      "product": 2,
      "nmb": 2,
      "price_per_item": "80900.00",
      "total_price": "161800.00",
      "is_active": true,
      "created": "2023-05-20T18:56:19.992Z",
      "updated": "2023-05-20T18:56:19.992Z"
   }
},
{
   "model": "orders.productinorder",
   "pk": 3,
   "fields": {
      "order": 3,
      "product": 5,
      "nmb": 1,
      "price_per_item": "22000.00",
      "total_price": "22000.00",
      "is_active": true,
      "created": "2023-05-20T19:02:57.920Z",
      "updated": "2023-05-20T19:04:50.290Z"
   }
},
{
   "model": "orders.productinorder",
   "pk": 4,
   "fields": {
      "order": 3,
      "product": 6,
      "nmb": 1,
      "price_per_item": "120000.00",
      "total_price": "120000.00",
      "is_active": true,
      "created": "2023-05-20T19:03:22.806Z",
      "updated": "2023-05-20T19:03:22.806Z"
   }
},
{
   "model": "orders.productinorder",
   "pk": 5,
   "fields": {
      "order": 3,
      "product": 2,
      "nmb": 1,
      "price_per_item": "80900.00",
      "total_price": "80900.00",
      "is_active": true,
      "created": "2023-05-20T19:04:11.736Z",
      "updated": "2023-05-20T19:04:11.736Z"
   }
},
{
   "model": "orders.productinorder",
   "pk": 6,
   "fields": {
      "order": 7,
      "product": 4,
      "nmb": 2,
      "price_per_item": "25000.06",
      "total_price": "50000.12",
      "is_active": true,
      "created": "2023-06-28T10:03:48.555Z",
      "updated": "2023-06-28T10:03:48.555Z"
   }
},
{
   "model": "orders.productinorder",
   "pk": 7,
   "fields": {
      "order": 8,
      "product": 4,
      "nmb": 2,
      "price_per_item": "25000.06",
      "total_price": "50000.12",
      "is_active": true,
      "created": "2023-06-28T10:05:43.700Z",
      "updated": "2023-06-28T10:05:43.700Z"
   }
},
{
   "model": "orders.productinorder",
   "pk": 8,
   "fields": {
      "order": 9,
      "product": 4,
      "nmb": 2,
      "price_per_item": "25000.06",
      "total_price": "50000.12",
      "is_active": true,
      "created": "2023-06-28T10:14:27.686Z",
      "updated": "2023-06-28T10:14:27.686Z"
   }
},
{
   "model": "orders.productinorder",
   "pk": 9,
   "fields": {
      "order": 10,
      "product": 4,
      "nmb": 2,
      "price_per_item": "25000.06",
      "total_price": "50000.12",
      "is_active": true,
      "created": "2023-06-28T10:15:35.559Z",
      "updated": "2023-06-28T10:15:35.559Z"
   }
},
{
   "model": "orders.productinorder",
   "pk": 10,
   "fields": {
      "order": 11,
      "product": 4,
      "nmb": 2,
      "price_per_item": "25000.06",
      "total_price": "50000.12",
      "is_active": true,
      "created": "2023-06-28T10:15:46.087Z",
      "updated": "2023-06-28T10:15:46.087Z"
   }
},
{
   "model": "orders.productinorder",
   "pk": 11,
   "fields": {
      "order": 12,
      "product": 4,
      "nmb": 2,
      "price_per_item": "25000.06",
      "total_price": "50000.12",
      "is_active": true,
      "created": "2023-06-28T10:15:59.359Z",
      "updated": "2023-06-28T10:15:59.359Z"
   }
},
{
   "model": "orders.productinorder",
   "pk": 12,
   "fields": {
      "order": 13,
      "product": 4,
      "nmb": 2,
      "price_per_item": "25000.06",
      "total_price": "50000.12",
      "is_active": true,
      "created": "2023-06-28T10:17:52.233Z",
      "updated": "2023-06-28T10:17:52.233Z"
   }
},
{
   "model": "orders.productinorder",
   "pk": 13,
   "fields": {
      "order": 14,
      "product": 4,
      "nmb": 3,
      "price_per_item": "25000.06",
      "total_price": "75000.18",
      "is_active": true,
      "created": "2023-06-28T10:39:24.867Z",
      "updated": "2023-06-28T10:39:24.867Z"
   }
},
{
   "model": "orders.productinorder",
   "pk": 14,
   "fields": {
      "order": 15,
      "product": 4,
      "nmb": 3,
      "price_per_item": "25000.06",
      "total_price": "75000.18",
      "is_active": true,
      "created": "2023-06-28T17:41:30.035Z",
      "updated": "2023-06-28T17:41:30.035Z"
   }
},
{
   "model": "orders.productinorder",
   "pk": 15,
   "fields": {
      "order": 16,
      "product": 4,
      "nmb": 3,
      "price_per_item": "25000.06",
      "total_price": "75000.18",
      "is_active": true,
      "created": "2023-06-28T17:41:38.291Z",
      "updated": "2023-06-28T17:41:38.291Z"
   }
},
{
   "model": "orders.productinorder",
   "pk": 16,
   "fields": {
      "order": 17,
      "product": 4,
      "nmb": 3,
      "price_per_item": "25000.06",
      "total_price": "75000.18",
      "is_active": true,
      "created": "2023-06-28T17:41:39.557Z",
      "updated": "2023-06-28T17:41:39.557Z"
   }
},
{
   "model": "orders.productinorder",
   "pk": 17,
   "fields": {
      "order": 18,
      "product": 4,
      "nmb": 3,
      "price_per_item": "25000.06",
      "total_price": "75000.18",
      "is_active": true,
      "created": "2023-06-28T17:45:51.968Z",
      "updated": "2023-06-28T17:45:51.968Z"
   }
},
{
   "model": "orders.productinorder",
   "pk": 18,
   "fields": {
      "order": 19,
      "product": 4,
      "nmb": 3,
      "price_per_item": "25000.06",
      "total_price": "75000.18",
      "is_active": true,
      "created": "2023-06-28T17:48:04.971Z",
      "updated": "2023-06-28T17:48:04.971Z"
   }
},
{
   "model": "orders.productinorder",
   "pk": 19,
   "fields": {
      "order": 20,
      "product": 4,
      "nmb": 3,
      "price_per_item": "25000.06",
      "total_price": "75000.18",
      "is_active": true,
      "created": "2023-06-28T17:49:10.860Z",
      "updated": "2023-06-28T17:49:10.860Z"
   }
},
{
   "model": "orders.productinorder",
   "pk": 20,
   "fields": {
      "order": 21,
      "product": 4,
      "nmb": 3,
      "price_per_item": "25000.06",
      "total_price": "75000.18",
      "is_active": true,
      "created": "2023-06-28T17:52:53.934Z",
      "updated": "2023-06-28T17:52:53.934Z"
   }
},
{
   "model": "orders.productinorder",
   "pk": 21,
   "fields": {
      "order": 22,
      "product": 4,
      "nmb": 3,
      "price_per_item": "25000.06",
      "total_price": "75000.18",
      "is_active": true,
      "created": "2023-06-28T17:53:07.701Z",
      "updated": "2023-06-28T17:53:07.701Z"
   }
},
{
   "model": "orders.productinorder",
   "pk": 22,
   "fields": {
      "order": 23,
      "product": 4,
      "nmb": 3,
      "price_per_item": "25000.06",
      "total_price": "75000.18",
      "is_active": true,
      "created": "2023-06-28T17:54:47.077Z",
      "updated": "2023-06-28T17:54:47.077Z"
   }
},
{
   "model": "orders.productinorder",
   "pk": 23,
   "fields": {
      "order": 24,
      "product": 4,
      "nmb": 3,
      "price_per_item": "25000.06",
      "total_price": "75000.18",
      "is_active": true,
      "created": "2023-06-28T17:56:48.173Z",
      "updated": "2023-06-28T17:56:48.173Z"
   }
},
{
   "model": "orders.productinorder",
   "pk": 24,
   "fields": {
      "order": 25,
      "product": 4,
      "nmb": 3,
      "price_per_item": "25000.06",
      "total_price": "75000.18",
      "is_active": true,
      "created": "2023-06-28T17:57:46.218Z",
      "updated": "2023-06-28T17:57:46.218Z"
   }
},
{
   "model": "orders.productinorder",
   "pk": 25,
   "fields": {
      "order": 26,
      "product": 4,
      "nmb": 3,
      "price_per_item": "25000.06",
      "total_price": "75000.18",
      "is_active": true,
      "created": "2023-06-28T17:59:23.251Z",
      "updated": "2023-06-28T17:59:23.251Z"
   }
},
{
   "model": "orders.productinorder",
   "pk": 26,
   "fields": {
      "order": 27,
      "product": 4,
      "nmb": 3,
      "price_per_item": "25000.06",
      "total_price": "75000.18",
      "is_active": true,
      "created": "2023-06-28T18:02:42.121Z",
      "updated": "2023-06-28T18:02:42.121Z"
   }
},
{
   "model": "orders.productinorder",
   "pk": 27,
   "fields": {
      "order": 28,
      "product": 4,
      "nmb": 3,
      "price_per_item": "25000.06",
      "total_price": "75000.18",
      "is_active": true,
      "created": "2023-06-28T18:03:55.172Z",
      "updated": "2023-06-28T18:03:55.172Z"
   }
},
{
   "model": "orders.productinorder",
   "pk": 28,
   "fields": {
      "order": 29,
      "product": 4,
      "nmb": 3,
      "price_per_item": "25000.06",
      "total_price": "75000.18",
      "is_active": true,
      "created": "2023-06-28T18:06:15.105Z",
      "updated": "2023-06-28T18:06:15.105Z"
   }
},
{
   "model": "orders.productinorder",
   "pk": 29,
   "fields": {
      "order": 30,
      "product": 5,
      "nmb": 5,
      "price_per_item": "22000.05",
      "total_price": "110000.25",
      "is_active": true,
      "created": "2023-06-28T18:33:00.095Z",
      "updated": "2023-06-28T18:33:00.095Z"
   }
},
{
   "model": "orders.productinorder",
   "pk": 30,
   "fields": {
      "order": 31,
      "product": 5,
      "nmb": 3,
      "price_per_item": "22000.05",
      "total_price": "66000.15",
      "is_active": true,
      "created": "2023-06-28T19:05:13.480Z",
      "updated": "2023-06-28T19:05:13.480Z"
   }
},
{
   "model": "orders.productinorder",
   "pk": 31,
   "fields": {
      "order": 31,
      "product": 9,
      "nmb": 1,
      "price_per_item": "71000.01",
      "total_price": "71000.01",
      "is_active": true,
      "created": "2023-06-28T19:05:13.498Z",
      "updated": "2023-06-28T19:05:13.498Z"
   }
},
{
   "model": "orders.productinorder",
   "pk": 32,
   "fields": {
      "order": 32,
      "product": 5,
      "nmb": 3,
      "price_per_item": "22000.05",
      "total_price": "66000.15",
      "is_active": true,
      "created": "2023-06-28T19:06:42.249Z",
      "updated": "2023-06-28T19:06:42.249Z"
   }
},
{
   "model": "orders.productinorder",
   "pk": 33,
   "fields": {
      "order": 32,
      "product": 9,
      "nmb": 1,
      "price_per_item": "71000.01",
      "total_price": "71000.01",
      "is_active": true,
      "created": "2023-06-28T19:06:42.263Z",
      "updated": "2023-06-28T19:06:42.263Z"
   }
},
{
   "model": "orders.productinorder",
   "pk": 34,
   "fields": {
      "order": 33,
      "product": 5,
      "nmb": 3,
      "price_per_item": "22000.05",
      "total_price": "66000.15",
      "is_active": true,
      "created": "2023-06-28T19:06:43.548Z",
      "updated": "2023-06-28T19:06:43.548Z"
   }
},
{
   "model": "orders.productinorder",
   "pk": 35,
   "fields": {
      "order": 33,
      "product": 9,
      "nmb": 1,
      "price_per_item": "71000.01",
      "total_price": "71000.01",
      "is_active": true,
      "created": "2023-06-28T19:06:43.561Z",
      "updated": "2023-06-28T19:06:43.561Z"
   }
},
{
   "model": "orders.productinorder",
   "pk": 36,
   "fields": {
      "order": 34,
      "product": 5,
      "nmb": 3,
      "price_per_item": "22000.05",
      "total_price": "66000.15",
      "is_active": true,
      "created": "2023-06-28T19:07:04.575Z",
      "updated": "2023-06-28T19:07:04.575Z"
   }
},
{
   "model": "orders.productinorder",
   "pk": 37,
   "fields": {
      "order": 34,
      "product": 9,
      "nmb": 1,
      "price_per_item": "71000.01",
      "total_price": "71000.01",
      "is_active": true,
      "created": "2023-06-28T19:07:04.586Z",
      "updated": "2023-06-28T19:07:04.586Z"
   }
},
{
   "model": "orders.productinorder",
   "pk": 38,
   "fields": {
      "order": 35,
      "product": 5,
      "nmb": 3,
      "price_per_item": "22000.05",
      "total_price": "66000.15",
      "is_active": true,
      "created": "2023-06-28T19:07:05.797Z",
      "updated": "2023-06-28T19:07:05.797Z"
   }
},
{
   "model": "orders.productinorder",
   "pk": 39,
   "fields": {
      "order": 35,
      "product": 9,
      "nmb": 1,
      "price_per_item": "71000.01",
      "total_price": "71000.01",
      "is_active": true,
      "created": "2023-06-28T19:07:05.809Z",
      "updated": "2023-06-28T19:07:05.809Z"
   }
},
{
   "model": "orders.productinorder",
   "pk": 40,
   "fields": {
      "order": 36,
      "product": 5,
      "nmb": 3,
      "price_per_item": "22000.05",
      "total_price": "66000.15",
      "is_active": true,
      "created": "2023-06-28T19:07:09.182Z",
      "updated": "2023-06-28T19:07:09.182Z"
   }
},
{
   "model": "orders.productinorder",
   "pk": 41,
   "fields": {
      "order": 36,
      "product": 9,
      "nmb": 1,
      "price_per_item": "71000.01",
      "total_price": "71000.01",
      "is_active": true,
      "created": "2023-06-28T19:07:09.195Z",
      "updated": "2023-06-28T19:07:09.195Z"
   }
},
{
   "model": "orders.productinorder",
   "pk": 42,
   "fields": {
      "order": 37,
      "product": 5,
      "nmb": 3,
      "price_per_item": "22000.05",
      "total_price": "66000.15",
      "is_active": true,
      "created": "2023-06-28T19:07:10.129Z",
      "updated": "2023-06-28T19:07:10.129Z"
   }
},
{
   "model": "orders.productinorder",
   "pk": 43,
   "fields": {
      "order": 37,
      "product": 9,
      "nmb": 1,
      "price_per_item": "71000.01",
      "total_price": "71000.01",
      "is_active": true,
      "created": "2023-06-28T19:07:10.143Z",
      "updated": "2023-06-28T19:07:10.143Z"
   }
},
{
   "model": "orders.productinorder",
   "pk": 44,
   "fields": {
      "order": 38,
      "product": 5,
      "nmb": 3,
      "price_per_item": "22000.05",
      "total_price": "66000.15",
      "is_active": true,
      "created": "2023-06-28T19:07:38.864Z",
      "updated": "2023-06-28T19:07:38.864Z"
   }
},
{
   "model": "orders.productinorder",
   "pk": 45,
   "fields": {
      "order": 38,
      "product": 9,
      "nmb": 1,
      "price_per_item": "71000.01",
      "total_price": "71000.01",
      "is_active": true,
      "created": "2023-06-28T19:07:38.878Z",
      "updated": "2023-06-28T19:07:38.878Z"
   }
},
{
   "model": "orders.productinorder",
   "pk": 46,
   "fields": {
      "order": 39,
      "product": 5,
      "nmb": 3,
      "price_per_item": "22000.05",
      "total_price": "66000.15",
      "is_active": true,
      "created": "2023-06-28T19:08:44.775Z",
      "updated": "2023-06-28T19:08:44.775Z"
   }
},
{
   "model": "orders.productinorder",
   "pk": 47,
   "fields": {
      "order": 39,
      "product": 9,
      "nmb": 1,
      "price_per_item": "71000.01",
      "total_price": "71000.01",
      "is_active": true,
      "created": "2023-06-28T19:08:44.790Z",
      "updated": "2023-06-28T19:08:44.790Z"
   }
},
{
   "model": "orders.productinorder",
   "pk": 48,
   "fields": {
      "order": 40,
      "product": 5,
      "nmb": 3,
      "price_per_item": "22000.05",
      "total_price": "66000.15",
      "is_active": true,
      "created": "2023-06-28T19:08:45.641Z",
      "updated": "2023-06-28T19:08:45.641Z"
   }
},
{
   "model": "orders.productinorder",
   "pk": 49,
   "fields": {
      "order": 40,
      "product": 9,
      "nmb": 1,
      "price_per_item": "71000.01",
      "total_price": "71000.01",
      "is_active": true,
      "created": "2023-06-28T19:08:45.654Z",
      "updated": "2023-06-28T19:08:45.654Z"
   }
},
{
   "model": "orders.productinorder",
   "pk": 50,
   "fields": {
      "order": 41,
      "product": 5,
      "nmb": 3,
      "price_per_item": "22000.05",
      "total_price": "66000.15",
      "is_active": true,
      "created": "2023-06-28T19:08:46.625Z",
      "updated": "2023-06-28T19:08:46.625Z"
   }
},
{
   "model": "orders.productinorder",
   "pk": 51,
   "fields": {
      "order": 41,
      "product": 9,
      "nmb": 1,
      "price_per_item": "71000.01",
      "total_price": "71000.01",
      "is_active": true,
      "created": "2023-06-28T19:08:46.639Z",
      "updated": "2023-06-28T19:08:46.639Z"
   }
},
{
   "model": "orders.productinorder",
   "pk": 52,
   "fields": {
      "order": 42,
      "product": 5,
      "nmb": 3,
      "price_per_item": "22000.05",
      "total_price": "66000.15",
      "is_active": true,
      "created": "2023-06-28T19:08:47.409Z",
      "updated": "2023-06-28T19:08:47.409Z"
   }
},
{
   "model": "orders.productinorder",
   "pk": 53,
   "fields": {
      "order": 42,
      "product": 9,
      "nmb": 1,
      "price_per_item": "71000.01",
      "total_price": "71000.01",
      "is_active": true,
      "created": "2023-06-28T19:08:47.423Z",
      "updated": "2023-06-28T19:08:47.423Z"
   }
},
{
   "model": "orders.productinorder",
   "pk": 54,
   "fields": {
      "order": 43,
      "product": 5,
      "nmb": 3,
      "price_per_item": "22000.05",
      "total_price": "66000.15",
      "is_active": true,
      "created": "2023-06-28T19:09:37.863Z",
      "updated": "2023-06-28T19:09:37.863Z"
   }
},
{
   "model": "orders.productinorder",
   "pk": 55,
   "fields": {
      "order": 43,
      "product": 9,
      "nmb": 1,
      "price_per_item": "71000.01",
      "total_price": "71000.01",
      "is_active": true,
      "created": "2023-06-28T19:09:37.875Z",
      "updated": "2023-06-28T19:09:37.875Z"
   }
},
{
   "model": "orders.productinorder",
   "pk": 56,
   "fields": {
      "order": 44,
      "product": 5,
      "nmb": 3,
      "price_per_item": "22000.05",
      "total_price": "66000.15",
      "is_active": true,
      "created": "2023-06-28T19:09:38.735Z",
      "updated": "2023-06-28T19:09:38.735Z"
   }
},
{
   "model": "orders.productinorder",
   "pk": 57,
   "fields": {
      "order": 44,
      "product": 9,
      "nmb": 1,
      "price_per_item": "71000.01",
      "total_price": "71000.01",
      "is_active": true,
      "created": "2023-06-28T19:09:38.749Z",
      "updated": "2023-06-28T19:09:38.749Z"
   }
},
{
   "model": "orders.productinorder",
   "pk": 58,
   "fields": {
      "order": 45,
      "product": 5,
      "nmb": 3,
      "price_per_item": "22000.05",
      "total_price": "66000.15",
      "is_active": true,
      "created": "2023-06-28T19:09:39.513Z",
      "updated": "2023-06-28T19:09:39.513Z"
   }
},
{
   "model": "orders.productinorder",
   "pk": 59,
   "fields": {
      "order": 45,
      "product": 9,
      "nmb": 1,
      "price_per_item": "71000.01",
      "total_price": "71000.01",
      "is_active": true,
      "created": "2023-06-28T19:09:39.527Z",
      "updated": "2023-06-28T19:09:39.527Z"
   }
},
{
   "model": "orders.productinorder",
   "pk": 60,
   "fields": {
      "order": 46,
      "product": 5,
      "nmb": 3,
      "price_per_item": "22000.05",
      "total_price": "66000.15",
      "is_active": true,
      "created": "2023-06-28T19:09:40.274Z",
      "updated": "2023-06-28T19:09:40.274Z"
   }
},
{
   "model": "orders.productinorder",
   "pk": 61,
   "fields": {
      "order": 46,
      "product": 9,
      "nmb": 1,
      "price_per_item": "71000.01",
      "total_price": "71000.01",
      "is_active": true,
      "created": "2023-06-28T19:09:40.287Z",
      "updated": "2023-06-28T19:09:40.288Z"
   }
},
{
   "model": "orders.productinorder",
   "pk": 62,
   "fields": {
      "order": 47,
      "product": 5,
      "nmb": 3,
      "price_per_item": "22000.05",
      "total_price": "66000.15",
      "is_active": true,
      "created": "2023-06-28T19:09:40.949Z",
      "updated": "2023-06-28T19:09:40.949Z"
   }
},
{
   "model": "orders.productinorder",
   "pk": 63,
   "fields": {
      "order": 47,
      "product": 9,
      "nmb": 1,
      "price_per_item": "71000.01",
      "total_price": "71000.01",
      "is_active": true,
      "created": "2023-06-28T19:09:40.963Z",
      "updated": "2023-06-28T19:09:40.963Z"
   }
},
{
   "model": "orders.productinorder",
   "pk": 64,
   "fields": {
      "order": 48,
      "product": 5,
      "nmb": 3,
      "price_per_item": "22000.05",
      "total_price": "66000.15",
      "is_active": true,
      "created": "2023-06-28T19:09:41.444Z",
      "updated": "2023-06-28T19:09:41.444Z"
   }
},
{
   "model": "orders.productinorder",
   "pk": 65,
   "fields": {
      "order": 48,
      "product": 9,
      "nmb": 1,
      "price_per_item": "71000.01",
      "total_price": "71000.01",
      "is_active": true,
      "created": "2023-06-28T19:09:41.458Z",
      "updated": "2023-06-28T19:09:41.458Z"
   }
},
{
   "model": "orders.productinorder",
   "pk": 66,
   "fields": {
      "order": 49,
      "product": 5,
      "nmb": 3,
      "price_per_item": "22000.05",
      "total_price": "66000.15",
      "is_active": true,
      "created": "2023-06-28T19:09:41.758Z",
      "updated": "2023-06-28T19:09:41.758Z"
   }
},
{
   "model": "orders.productinorder",
   "pk": 67,
   "fields": {
      "order": 49,
      "product": 9,
      "nmb": 1,
      "price_per_item": "71000.01",
      "total_price": "71000.01",
      "is_active": true,
      "created": "2023-06-28T19:09:41.770Z",
      "updated": "2023-06-28T19:09:41.770Z"
   }
},
{
   "model": "orders.productinorder",
   "pk": 68,
   "fields": {
      "order": 50,
      "product": 5,
      "nmb": 3,
      "price_per_item": "22000.05",
      "total_price": "66000.15",
      "is_active": true,
      "created": "2023-06-28T19:09:42.107Z",
      "updated": "2023-06-28T19:09:42.107Z"
   }
},
{
   "model": "orders.productinorder",
   "pk": 69,
   "fields": {
      "order": 50,
      "product": 9,
      "nmb": 1,
      "price_per_item": "71000.01",
      "total_price": "71000.01",
      "is_active": true,
      "created": "2023-06-28T19:09:42.120Z",
      "updated": "2023-06-28T19:09:42.120Z"
   }
},
{
   "model": "orders.productinorder",
   "pk": 70,
   "fields": {
      "order": 51,
      "product": 5,
      "nmb": 3,
      "price_per_item": "22000.05",
      "total_price": "66000.15",
      "is_active": true,
      "created": "2023-06-28T19:09:42.532Z",
      "updated": "2023-06-28T19:09:42.532Z"
   }
},
{
   "model": "orders.productinorder",
   "pk": 71,
   "fields": {
      "order": 51,
      "product": 9,
      "nmb": 1,
      "price_per_item": "71000.01",
      "total_price": "71000.01",
      "is_active": true,
      "created": "2023-06-28T19:09:42.543Z",
      "updated": "2023-06-28T19:09:42.543Z"
   }
},
{
   "model": "orders.productinorder",
   "pk": 72,
   "fields": {
      "order": 52,
      "product": 5,
      "nmb": 3,
      "price_per_item": "22000.05",
      "total_price": "66000.15",
      "is_active": true,
      "created": "2023-06-29T17:42:32.258Z",
      "updated": "2023-06-29T17:42:32.258Z"
   }
},
{
   "model": "orders.productinorder",
   "pk": 73,
   "fields": {
      "order": 52,
      "product": 9,
      "nmb": 1,
      "price_per_item": "71000.01",
      "total_price": "71000.01",
      "is_active": true,
      "created": "2023-06-29T17:42:32.276Z",
      "updated": "2023-06-29T17:42:32.276Z"
   }
},
{
   "model": "orders.productinorder",
   "pk": 74,
   "fields": {
      "order": 53,
      "product": 5,
      "nmb": 3,
      "price_per_item": "22000.05",
      "total_price": "66000.15",
      "is_active": true,
      "created": "2023-06-29T17:43:01.213Z",
      "updated": "2023-06-29T17:43:01.213Z"
   }
},
{
   "model": "orders.productinorder",
   "pk": 75,
   "fields": {
      "order": 53,
      "product": 9,
      "nmb": 1,
      "price_per_item": "71000.01",
      "total_price": "71000.01",
      "is_active": true,
      "created": "2023-06-29T17:43:01.228Z",
      "updated": "2023-06-29T17:43:01.228Z"
   }
},
{
   "model": "orders.productinorder",
   "pk": 76,
   "fields": {
      "order": 54,
      "product": 5,
      "nmb": 3,
      "price_per_item": "22000.05",
      "total_price": "66000.15",
      "is_active": true,
      "created": "2023-06-29T17:48:28.482Z",
      "updated": "2023-06-29T17:48:28.482Z"
   }
},
{
   "model": "orders.productinorder",
   "pk": 77,
   "fields": {
      "order": 54,
      "product": 9,
      "nmb": 1,
      "price_per_item": "71000.01",
      "total_price": "71000.01",
      "is_active": true,
      "created": "2023-06-29T17:48:28.496Z",
      "updated": "2023-06-29T17:48:28.496Z"
   }
},
{
   "model": "orders.productinorder",
   "pk": 78,
   "fields": {
      "order": 55,
      "product": 5,
      "nmb": 3,
      "price_per_item": "22000.05",
      "total_price": "66000.15",
      "is_active": true,
      "created": "2023-06-29T17:49:52.615Z",
      "updated": "2023-06-29T17:49:52.615Z"
   }
},
{
   "model": "orders.productinorder",
   "pk": 79,
   "fields": {
      "order": 55,
      "product": 9,
      "nmb": 1,
      "price_per_item": "71000.01",
      "total_price": "71000.01",
      "is_active": true,
      "created": "2023-06-29T17:49:52.631Z",
      "updated": "2023-06-29T17:49:52.631Z"
   }
},
{
   "model": "orders.productinorder",
   "pk": 80,
   "fields": {
      "order": 56,
      "product": 5,
      "nmb": 3,
      "price_per_item": "22000.05",
      "total_price": "66000.15",
      "is_active": true,
      "created": "2023-06-29T18:15:11.385Z",
      "updated": "2023-06-29T18:15:11.385Z"
   }
},
{
   "model": "orders.productinorder",
   "pk": 81,
   "fields": {
      "order": 56,
      "product": 9,
      "nmb": 1,
      "price_per_item": "71000.01",
      "total_price": "71000.01",
      "is_active": true,
      "created": "2023-06-29T18:15:11.397Z",
      "updated": "2023-06-29T18:15:11.397Z"
   }
},
{
   "model": "orders.productinorder",
   "pk": 82,
   "fields": {
      "order": 57,
      "product": 5,
      "nmb": 3,
      "price_per_item": "22000.05",
      "total_price": "66000.15",
      "is_active": true,
      "created": "2023-06-29T18:16:08.327Z",
      "updated": "2023-06-29T18:16:08.327Z"
   }
},
{
   "model": "orders.productinorder",
   "pk": 83,
   "fields": {
      "order": 57,
      "product": 9,
      "nmb": 1,
      "price_per_item": "71000.01",
      "total_price": "71000.01",
      "is_active": true,
      "created": "2023-06-29T18:16:08.338Z",
      "updated": "2023-06-29T18:16:08.338Z"
   }
},
{
   "model": "orders.productinbasket",
   "pk": 60,
   "fields": {
      "session_key": "01aqb16gbifwo3ncrh1186kw7p196w1j",
      "order": 57,
      "product": 5,
      "nmb": 3,
      "price_per_item": "22000.05",
      "total_price": "66000.15",
      "is_active": true,
      "created": "2023-06-28T19:03:52.841Z",
      "updated": "2023-06-29T18:16:08.321Z"
   }
},
{
   "model": "orders.productinbasket",
   "pk": 61,
   "fields": {
      "session_key": "01aqb16gbifwo3ncrh1186kw7p196w1j",
      "order": 57,
      "product": 9,
      "nmb": 1,
      "price_per_item": "71000.01",
      "total_price": "71000.01",
      "is_active": true,
      "created": "2023-06-28T19:04:02.191Z",
      "updated": "2023-06-29T18:16:08.335Z"
   }
},
{
   "model": "orders.productinbasket",
   "pk": 62,
   "fields": {
      "session_key": "01aqb16gbifwo3ncrh1186kw7p196w1j",
      "order": null,
      "product": 8,
      "nmb": 1,
      "price_per_item": "73000.02",
      "total_price": "73000.02",
      "is_active": true,
      "created": "2023-06-28T19:07:35.255Z",
      "updated": "2023-06-28T19:07:35.255Z"
   }
},
{
   "model": "orders.productinbasket",
   "pk": 63,
   "fields": {
      "session_key": "01aqb16gbifwo3ncrh1186kw7p196w1j",
      "order": null,
      "product": 5,
      "nmb": 3,
      "price_per_item": "22000.05",
      "total_price": "66000.15",
      "is_active": true,
      "created": "2023-06-29T17:48:08.297Z",
      "updated": "2023-06-29T17:49:38.701Z"
   }
},
{
   "model": "orders.productinbasket",
   "pk": 64,
   "fields": {
      "session_key": "kq40vhvay2ffdusx3s5nd2f3560ge49y",
      "order": null,
      "product": 5,
      "nmb": 9,
      "price_per_item": "22000.05",
      "total_price": "198000.45",
      "is_active": true,
      "created": "2023-06-29T18:13:40.323Z",
      "updated": "2023-06-29T18:14:54.786Z"
   }
},
{
   "model": "orders.productinbasket",
   "pk": 65,
   "fields": {
      "session_key": "iyy9r3r5xmcr6q6r5skfxs6aurr692n7",
      "order": null,
      "product": 5,
      "nmb": 1,
      "price_per_item": "22000.05",
      "total_price": "22000.05",
      "is_active": true,
      "created": "2023-06-29T18:15:48.497Z",
      "updated": "2023-06-29T18:15:48.497Z"
   }
},
{
   "model": "orders.productinbasket",
   "pk": 66,
   "fields": {
      "session_key": "dhptbug90fcgi77clcido52u2qhjf5y2",
      "order": null,
      "product": 5,
      "nmb": 3,
      "price_per_item": "22000.05",
      "total_price": "66000.15",
      "is_active": true,
      "created": "2023-06-29T18:17:03.474Z",
      "updated": "2023-06-29T18:17:52.873Z"
   }
},
{
   "model": "orders.productinbasket",
   "pk": 67,
   "fields": {
      "session_key": "fep5w6k6e0i19q0adr9toivz6uvxmqsa",
      "order": null,
      "product": 5,
      "nmb": 1,
      "price_per_item": "22000.05",
      "total_price": "22000.05",
      "is_active": false,
      "created": "2023-06-29T18:20:21.881Z",
      "updated": "2023-06-29T18:20:21.881Z"
   }
},
{
   "model": "orders.productinbasket",
   "pk": 68,
   "fields": {
      "session_key": "fep5w6k6e0i19q0adr9toivz6uvxmqsa",
      "order": null,
      "product": 5,
      "nmb": 1,
      "price_per_item": "22000.05",
      "total_price": "22000.05",
      "is_active": true,
      "created": "2023-06-29T18:23:10.508Z",
      "updated": "2023-06-29T18:23:10.508Z"
   }
},
{
   "model": "products.productcategory",
   "pk": 1,
   "fields": {
      "name": "Телефоны",
      "is_active": true
   }
},
{
   "model": "products.productcategory",
   "pk": 2,
   "fields": {
      "name": "Ноутбуки",
      "is_active": true
   }
},
{
   "model": "products.product",
   "pk": 2,
   "fields": {
      "name": "6.7\" Смартфон Apple iPhone 14 Plus 128 ГБ",
      "price": "80900.07",
      "discount": 31,
      "category": 1,
      "description": "Apple iPhone 14 Plus базируются на однокристальной системе A15 Bionic. Используется версия с 5-ядерным GPU. Модель получила 6,7-дюймовую OLED-панель. Пиковая яркость — 1200 нит. Челка с датчиками системы лицевого сканирования и селфи-камерой сохранилась. Сама камера по-прежнему на 12 Мп, но способна захватить на 38 % больше света, чем у iPhone 13. Тыльная камера двойная — главный сенсор на 12 Мп и широкоугольный на 12 Мп. Из нововведений — режим Action mode с быстрой стабилизацией и поддержка технологии Photonic Engine (улучшает фотографии).",
      "short_description": "",
      "is_active": true,
      "created": "2023-05-20T17:59:23.177Z",
      "updated": "2023-06-18T07:19:42.373Z"
   }
},
{
   "model": "products.product",
   "pk": 3,
   "fields": {
      "name": "6.78\" Смартфон HUAWEI nova 9 SE 128 ГБ",
      "price": "22790.08",
      "discount": 32,
      "category": 1,
      "description": "Смартфон HUAWEI nova 9 SE 128 ГБ отличается мощным вычислительным потенциалом и технологичностью. Данная модель полностью соответствует требованиям активных пользователей. В смартфоне установлен сенсорный дисплей 6.78 дюйма с безрамочным исполнением и матрицей IPS. Стеклянный корпус выделяется компактными размерами и привлекательным оформлением.\r\nВысокий уровень производительности системы обеспечивается благодаря процессору Snapdragon 680 и 8 ГБ оперативной памяти. Одной из примечательных особенностей HUAWEI nova 9 SE является камера с 4-мя сенсорами 108+8+2+2 Мп, которая позволяет создавать реалистичные фотографии и видео в любых условиях. Для селфи и общения предлагается камера 16 Мп. К преимуществам смартфона относятся функции защиты и аккумулятор 4000 мА*ч с технологией ускоренной зарядки.",
      "short_description": "",
      "is_active": true,
      "created": "2023-05-20T18:02:15.319Z",
      "updated": "2023-06-18T07:19:33.136Z"
   }
},
{
   "model": "products.product",
   "pk": 4,
   "fields": {
      "name": "6.6\" Смартфон Samsung Galaxy M33 128 ГБ",
      "price": "25000.06",
      "discount": 0,
      "category": 1,
      "description": "Смартфон Samsung Galaxy M33 128 ГБ станет надежным помощником для общения и повседневных мобильных развлечений. Аппаратная начинка с процессором Exynos 1280 производства Samsung и 8 ГБ системной памяти обеспечивает быстрое выполнение самых разных задач и плавность работы приложений. Дисплей PLS 6.6 дюйма позволяет получать удовольствие от четкой и красочной картинки.\r\nДанная модель Samsung Galaxy M33 оформлена в корпусе синего цвета. Камера 50+5+2+2 Мп с целым рядом технологий, функций и эффектов позволяет запечатлевать реалистичные фотографии и видео. Камера 8 Мп на фронтальной стороне предназначена для создания селфи и видеообщения. В мобильном устройстве реализованы два слота под установку карт SIM и востребованные беспроводные интерфейсы. За продолжительное время автономности смартфона отвечает аккумулятор 5000 мА*ч.",
      "short_description": "",
      "is_active": true,
      "created": "2023-05-20T18:04:04.694Z",
      "updated": "2023-06-18T07:19:17.436Z"
   }
},
{
   "model": "products.product",
   "pk": 5,
   "fields": {
      "name": "6.67\" Смартфон Xiaomi Redmi Note 10 Pro 128 ГБ",
      "price": "22000.05",
      "discount": 7,
      "category": 1,
      "description": "Смартфон Xiaomi Redmi Note 10 Pro в стеклянном корпусе объединил возможности топовых устройств, которыми останутся довольны самые прогрессивные блогеры и геймеры. Для этого в основу его работоспособности положен процессор Qualcomm Snapdragon 732G на 8 ядер, ускоритель Adreno 618 и сразу 8 ГБ оперативной памяти.\r\nЛюбите снимать тонны видео и фото? Не проблема, хранить их получится на 128 ГБ встроенной памяти устройства. Основная камера состоит из 4 модулей, а ее разрешение достигает показателя 108+8+5+2 Мп. Смартфон Xiaomi Redmi Note 10 Pro отлично держит заряд и быстро пополняет его ресурс в случае необходимости.",
      "short_description": "",
      "is_active": true,
      "created": "2023-05-20T18:07:15.839Z",
      "updated": "2023-06-18T07:19:04.081Z"
   }
},
{
   "model": "products.product",
   "pk": 6,
   "fields": {
      "name": "16\" Ноутбук HUAWEI MateBook 16s CREF-X",
      "price": "120000.04",
      "discount": 35,
      "category": 2,
      "description": "Этот ноутбук создан для тех, кто хочет получить хорошее производительное компьютерное устройство с наиболее востребованным функционалом. Данная модель полностью удовлетворяет данные требования. Надежный накопитель предоставляет вам возможности для долговременного хранения необходимой виртуальной информации. Устройство оборудовано веб-камерой и микрофоном, благодаря которым вы сможете организовывать видеоконференции с партнерами по бизнесу и коллегами по работе.",
      "short_description": "",
      "is_active": true,
      "created": "2023-05-20T18:09:49.220Z",
      "updated": "2023-06-18T07:18:51.367Z"
   }
},
{
   "model": "products.product",
   "pk": 7,
   "fields": {
      "name": "16\" Ноутбук ASUS VivoBook S 16X M5602QA-L2117",
      "price": "80000.03",
      "discount": 12,
      "category": 2,
      "description": "Исследуйте возможности с великолепным ноутбуком Vivobook S 16X, сочетающим яркий стиль с высокой производительностью. Передовая конфигурация, в которую входит мобильный процессор AMD Ryzen 7 5800H, делает его отличным выбором для широкого спектра приложений, как рабочих, так и развлекательных. Дисплей с разрешением 2,5K и соотношением сторон 16:10 раскрывается на 180° и обладает сертификацией эргономичности TÜV Rheinland. В изящном корпусе устройства нашлось место для интерфейсов, включая пару портов USB 3.2 Gen2 Type-C с поддержкой внешних 4K-дисплеев. Vivobook S 16X – правильное решение для любых задач!",
      "short_description": "",
      "is_active": true,
      "created": "2023-05-20T18:11:49.284Z",
      "updated": "2023-06-18T07:18:41.020Z"
   }
},
{
   "model": "products.product",
   "pk": 8,
   "fields": {
      "name": "17.3\" Ноутбук MSI Katana GF76 12UC-265XRU",
      "price": "73000.02",
      "discount": 10,
      "category": 2,
      "description": "Ноутбук MSI Katana GF76 12UC-265XRU предлагает мощные характеристики, продуманную эргономику и высокую реалистичность изображения. Он разработан для поклонников компьютерных игр. Благодаря процессору Intel Core i5, 16 ГБ оперативной памяти стандарта DDR4 и видеокарте GeForce RTX 3050 ноутбук помогает добиться вычислительного потенциала для увлекательной игры. В качестве хранилища применяется быстрый накопитель SSD емкостью 512 ГБ. Система охлаждения с использованием двух вентиляторов и тепловых трубок способствует поддержанию невысокой температуры нагрева.\r\nНоутбук MSI Katana GF76 выполнен в прочном корпусе и оборудован эргономичной полноразмерной раскладкой с красной подсветкой. С боковых сторон расположены порты USB, видеовыход HDMI, сетевой разъем 1 Гбит/с. Акустическая система формирует чистый и насыщенный звук. Литий-ионный аккумулятор гарантирует длительное время автономности ноутбука – около 5.5 часов.",
      "short_description": "",
      "is_active": true,
      "created": "2023-05-20T18:14:21.701Z",
      "updated": "2023-06-18T07:18:30.414Z"
   }
},
{
   "model": "products.product",
   "pk": 9,
   "fields": {
      "name": "17.3\" Ноутбук ARDOR GAMING NEO G17-I5ND203",
      "price": "71000.01",
      "discount": 0,
      "category": 2,
      "description": "Этот ноутбук создан для тех, кто хочет получить качественное и производительное компьютерное устройство с наиболее востребованным функционалом. Данная модель полностью удовлетворяет данные требования. Надежный накопитель предоставляет вам возможности для долговременного хранения необходимой виртуальной информации. Устройство оборудовано веб-камерой и микрофоном, благодаря которым вы сможете организовывать видеоконференции с партнерами по бизнесу и коллегами по работе.",
      "short_description": "",
      "is_active": true,
      "created": "2023-05-20T18:15:32.647Z",
      "updated": "2023-06-18T07:18:18.185Z"
   }
},
{
   "model": "products.productimage",
   "pk": 4,
   "fields": {
      "product": 2,
      "image": "products_images/sa.jpg",
      "is_main": true,
      "is_active": true,
      "created": "2023-05-20T17:59:23.185Z",
      "updated": "2023-05-23T18:14:22.664Z"
   }
},
{
   "model": "products.productimage",
   "pk": 5,
   "fields": {
      "product": 2,
      "image": "products_images/sa1.jpg",
      "is_main": false,
      "is_active": true,
      "created": "2023-05-20T17:59:23.189Z",
      "updated": "2023-05-20T17:59:23.189Z"
   }
},
{
   "model": "products.productimage",
   "pk": 6,
   "fields": {
      "product": 2,
      "image": "products_images/sa2.jpg",
      "is_main": false,
      "is_active": true,
      "created": "2023-05-20T17:59:23.193Z",
      "updated": "2023-05-20T17:59:23.193Z"
   }
},
{
   "model": "products.productimage",
   "pk": 7,
   "fields": {
      "product": 3,
      "image": "products_images/sh.jpg",
      "is_main": true,
      "is_active": true,
      "created": "2023-05-20T18:02:15.322Z",
      "updated": "2023-05-23T18:14:12.703Z"
   }
},
{
   "model": "products.productimage",
   "pk": 8,
   "fields": {
      "product": 3,
      "image": "products_images/sh1.jpg",
      "is_main": false,
      "is_active": true,
      "created": "2023-05-20T18:02:15.324Z",
      "updated": "2023-05-20T18:02:15.324Z"
   }
},
{
   "model": "products.productimage",
   "pk": 9,
   "fields": {
      "product": 3,
      "image": "products_images/sh2.jpg",
      "is_main": false,
      "is_active": true,
      "created": "2023-05-20T18:02:15.325Z",
      "updated": "2023-05-20T18:02:15.325Z"
   }
},
{
   "model": "products.productimage",
   "pk": 10,
   "fields": {
      "product": 4,
      "image": "products_images/ss.jpg",
      "is_main": true,
      "is_active": true,
      "created": "2023-05-20T18:04:04.698Z",
      "updated": "2023-05-23T18:14:04.479Z"
   }
},
{
   "model": "products.productimage",
   "pk": 11,
   "fields": {
      "product": 4,
      "image": "products_images/ss1.jpg",
      "is_main": false,
      "is_active": true,
      "created": "2023-05-20T18:04:04.701Z",
      "updated": "2023-05-20T18:04:04.701Z"
   }
},
{
   "model": "products.productimage",
   "pk": 12,
   "fields": {
      "product": 4,
      "image": "products_images/ss2.jpg",
      "is_main": false,
      "is_active": true,
      "created": "2023-05-20T18:04:04.702Z",
      "updated": "2023-05-20T18:04:04.702Z"
   }
},
{
   "model": "products.productimage",
   "pk": 13,
   "fields": {
      "product": 5,
      "image": "products_images/sm.jpg",
      "is_main": true,
      "is_active": true,
      "created": "2023-05-20T18:07:15.842Z",
      "updated": "2023-05-23T18:13:55.231Z"
   }
},
{
   "model": "products.productimage",
   "pk": 14,
   "fields": {
      "product": 5,
      "image": "products_images/sm1.jpg",
      "is_main": false,
      "is_active": true,
      "created": "2023-05-20T18:07:15.844Z",
      "updated": "2023-05-20T18:07:15.844Z"
   }
},
{
   "model": "products.productimage",
   "pk": 15,
   "fields": {
      "product": 5,
      "image": "products_images/sm2.jpg",
      "is_main": false,
      "is_active": true,
      "created": "2023-05-20T18:07:15.846Z",
      "updated": "2023-05-20T18:07:15.846Z"
   }
},
{
   "model": "products.productimage",
   "pk": 16,
   "fields": {
      "product": 6,
      "image": "products_images/t.jpg",
      "is_main": true,
      "is_active": true,
      "created": "2023-05-20T18:09:49.223Z",
      "updated": "2023-05-23T18:13:23.920Z"
   }
},
{
   "model": "products.productimage",
   "pk": 17,
   "fields": {
      "product": 6,
      "image": "products_images/t1.jpg",
      "is_main": false,
      "is_active": true,
      "created": "2023-05-20T18:09:49.225Z",
      "updated": "2023-05-20T18:09:49.225Z"
   }
},
{
   "model": "products.productimage",
   "pk": 18,
   "fields": {
      "product": 6,
      "image": "products_images/t2.jpg",
      "is_main": false,
      "is_active": true,
      "created": "2023-05-20T18:09:49.226Z",
      "updated": "2023-05-20T18:09:49.226Z"
   }
},
{
   "model": "products.productimage",
   "pk": 19,
   "fields": {
      "product": 7,
      "image": "products_images/a.jpg",
      "is_main": true,
      "is_active": true,
      "created": "2023-05-20T18:11:49.287Z",
      "updated": "2023-05-23T18:13:41.615Z"
   }
},
{
   "model": "products.productimage",
   "pk": 20,
   "fields": {
      "product": 7,
      "image": "products_images/a1.jpg",
      "is_main": false,
      "is_active": true,
      "created": "2023-05-20T18:11:49.289Z",
      "updated": "2023-05-20T18:11:49.289Z"
   }
},
{
   "model": "products.productimage",
   "pk": 21,
   "fields": {
      "product": 7,
      "image": "products_images/a2.jpg",
      "is_main": false,
      "is_active": true,
      "created": "2023-05-20T18:11:49.291Z",
      "updated": "2023-05-20T18:11:49.291Z"
   }
},
{
   "model": "products.productimage",
   "pk": 22,
   "fields": {
      "product": 8,
      "image": "products_images/s.jpg",
      "is_main": true,
      "is_active": true,
      "created": "2023-05-20T18:14:21.705Z",
      "updated": "2023-05-23T18:13:35.742Z"
   }
},
{
   "model": "products.productimage",
   "pk": 23,
   "fields": {
      "product": 8,
      "image": "products_images/s1.jpg",
      "is_main": false,
      "is_active": true,
      "created": "2023-05-20T18:14:21.706Z",
      "updated": "2023-05-20T18:14:21.706Z"
   }
},
{
   "model": "products.productimage",
   "pk": 24,
   "fields": {
      "product": 8,
      "image": "products_images/s2.jpg",
      "is_main": false,
      "is_active": true,
      "created": "2023-05-20T18:14:21.707Z",
      "updated": "2023-05-20T18:14:21.707Z"
   }
},
{
   "model": "products.productimage",
   "pk": 25,
   "fields": {
      "product": 9,
      "image": "products_images/k.jpg",
      "is_main": true,
      "is_active": true,
      "created": "2023-05-20T18:15:32.649Z",
      "updated": "2023-05-23T18:13:29.311Z"
   }
},
{
   "model": "products.productimage",
   "pk": 26,
   "fields": {
      "product": 9,
      "image": "products_images/k1.jpg",
      "is_main": false,
      "is_active": true,
      "created": "2023-05-20T18:15:32.651Z",
      "updated": "2023-05-20T18:15:32.651Z"
   }
},
{
   "model": "products.productimage",
   "pk": 27,
   "fields": {
      "product": 9,
      "image": "products_images/k2.jpg",
      "is_main": false,
      "is_active": true,
      "created": "2023-05-20T18:15:32.652Z",
      "updated": "2023-05-20T18:15:32.652Z"
   }
}
]
